ANO;LOCALIDAD;SEXO;MIGRANTE;TOTAL_NACIDOS_VIVOS;TOTAL_BPN;PROPORCIÓN
2012;00 - Bogotá;Femenino;Colombiano;51226;7148;13.95
2012;10 - Engativá;Femenino;Colombiano;4770;655;13.73
2012;07 - Bosa;Femenino;Colombiano;5108;707;13.84
2012;04 - San Cristóbal;Femenino;Colombiano;3164;499;15.77
2012;08 - Kennedy;Femenino;Colombiano;7603;1026;13.49
2012;01 - Usaquén;Femenino;Colombiano;2968;434;14.62
2012;16 - Puente Aranda;Femenino;Colombiano;1483;166;11.19
2012;14 - Los Mártires;Femenino;Colombiano;628;99;15.76
2012;11 - Suba;Femenino;Colombiano;6982;988;14.15
2012;05 - Usme;Femenino;Colombiano;2906;393;13.52
2012;19 - Ciudad Bolívar;Femenino;Colombiano;5251;726;13.83
2012;03 - Santa Fe;Femenino;Colombiano;846;120;14.18
2012;12 - Barrios Unidos;Femenino;Colombiano;847;126;14.88
2012;06 - Tunjuelito;Femenino;Colombiano;1410;180;12.77
2012;18 - Rafael Uribe Uribe;Femenino;Colombiano;2813;408;14.5
2012;13 - Teusaquillo;Femenino;Colombiano;596;100;16.78
2012;09 - Fontibón;Femenino;Colombiano;2151;268;12.46
2012;02 - Chapinero;Femenino;Colombiano;932;147;15.77
2012;15 - Antonio Nariño;Femenino;Colombiano;581;78;13.43
2012;17 - La Candelaria;Femenino;Colombiano;147;21;14.29
2012;99 - Sin Información;Femenino;Colombiano;22;6;27.27
2012;20 - Sumapaz;Femenino;Colombiano;18;1;5.56
2012;00 - Bogotá;Femenino;Extranjero;209;23;11.0
2012;11 - Suba;Femenino;Extranjero;25;2;8.0
2012;13 - Teusaquillo;Femenino;Extranjero;6;1;16.67
2012;02 - Chapinero;Femenino;Extranjero;54;8;14.81
2012;01 - Usaquén;Femenino;Extranjero;58;6;10.34
2012;03 - Santa Fe;Femenino;Extranjero;9;0;0.0
2012;18 - Rafael Uribe Uribe;Femenino;Extranjero;3;0;0.0
2012;10 - Engativá;Femenino;Extranjero;11;1;9.09
2012;12 - Barrios Unidos;Femenino;Extranjero;4;1;25.0
2012;09 - Fontibón;Femenino;Extranjero;7;0;0.0
2012;19 - Ciudad Bolívar;Femenino;Extranjero;3;1;33.33
2012;14 - Los Mártires;Femenino;Extranjero;8;1;12.5
2012;04 - San Cristóbal;Femenino;Extranjero;3;0;0.0
2012;05 - Usme;Femenino;Extranjero;1;0;0.0
2012;08 - Kennedy;Femenino;Extranjero;8;0;0.0
2012;15 - Antonio Nariño;Femenino;Extranjero;1;0;0.0
2012;07 - Bosa;Femenino;Extranjero;2;1;50.0
2012;17 - La Candelaria;Femenino;Extranjero;2;0;0.0
2012;99 - Sin Información;Femenino;Extranjero;1;0;0.0
2012;16 - Puente Aranda;Femenino;Extranjero;1;0;0.0
2012;06 - Tunjuelito;Femenino;Extranjero;2;1;50.0
2012;00 - Bogotá;Femenino;Sin Informacion;18;4;22.22
2012;08 - Kennedy;Femenino;Sin Informacion;5;2;40.0
2012;19 - Ciudad Bolívar;Femenino;Sin Informacion;3;0;0.0
2012;99 - Sin Información;Femenino;Sin Informacion;1;0;0.0
2012;18 - Rafael Uribe Uribe;Femenino;Sin Informacion;1;0;0.0
2012;01 - Usaquén;Femenino;Sin Informacion;1;0;0.0
2012;14 - Los Mártires;Femenino;Sin Informacion;1;1;100.0
2012;07 - Bosa;Femenino;Sin Informacion;2;0;0.0
2012;16 - Puente Aranda;Femenino;Sin Informacion;1;0;0.0
2012;03 - Santa Fe;Femenino;Sin Informacion;2;1;50.0
2012;15 - Antonio Nariño;Femenino;Sin Informacion;1;0;0.0
2012;00 - Bogotá;Masculino;Colombiano;53609;6426;11.99
2012;05 - Usme;Masculino;Colombiano;3096;394;12.73
2012;10 - Engativá;Masculino;Colombiano;4837;550;11.37
2012;11 - Suba;Masculino;Colombiano;7401;880;11.89
2012;02 - Chapinero;Masculino;Colombiano;1043;139;13.33
2012;18 - Rafael Uribe Uribe;Masculino;Colombiano;2956;371;12.55
2012;04 - San Cristóbal;Masculino;Colombiano;3322;415;12.49
2012;19 - Ciudad Bolívar;Masculino;Colombiano;5493;664;12.09
2012;08 - Kennedy;Masculino;Colombiano;7996;968;12.11
2012;07 - Bosa;Masculino;Colombiano;5275;611;11.58
2012;06 - Tunjuelito;Masculino;Colombiano;1516;160;10.55
2012;15 - Antonio Nariño;Masculino;Colombiano;535;60;11.21
2012;14 - Los Mártires;Masculino;Colombiano;656;84;12.8
2012;01 - Usaquén;Masculino;Colombiano;3133;374;11.94
2012;12 - Barrios Unidos;Masculino;Colombiano;822;91;11.07
2012;09 - Fontibón;Masculino;Colombiano;2258;268;11.87
2012;16 - Puente Aranda;Masculino;Colombiano;1555;185;11.9
2012;13 - Teusaquillo;Masculino;Colombiano;609;69;11.33
2012;03 - Santa Fe;Masculino;Colombiano;823;103;12.52
2012;20 - Sumapaz;Masculino;Colombiano;26;3;11.54
2012;17 - La Candelaria;Masculino;Colombiano;237;34;14.35
2012;99 - Sin Información;Masculino;Colombiano;20;3;15.0
2012;00 - Bogotá;Masculino;Extranjero;235;22;9.36
2012;02 - Chapinero;Masculino;Extranjero;53;4;7.55
2012;11 - Suba;Masculino;Extranjero;40;6;15.0
2012;19 - Ciudad Bolívar;Masculino;Extranjero;3;0;0.0
2012;03 - Santa Fe;Masculino;Extranjero;7;2;28.57
2012;09 - Fontibón;Masculino;Extranjero;10;3;30.0
2012;01 - Usaquén;Masculino;Extranjero;64;6;9.38
2012;13 - Teusaquillo;Masculino;Extranjero;6;0;0.0
2012;10 - Engativá;Masculino;Extranjero;13;0;0.0
2012;14 - Los Mártires;Masculino;Extranjero;7;0;0.0
2012;07 - Bosa;Masculino;Extranjero;4;0;0.0
2012;12 - Barrios Unidos;Masculino;Extranjero;6;1;16.67
2012;18 - Rafael Uribe Uribe;Masculino;Extranjero;4;0;0.0
2012;06 - Tunjuelito;Masculino;Extranjero;3;0;0.0
2012;15 - Antonio Nariño;Masculino;Extranjero;2;0;0.0
2012;05 - Usme;Masculino;Extranjero;3;0;0.0
2012;04 - San Cristóbal;Masculino;Extranjero;2;0;0.0
2012;08 - Kennedy;Masculino;Extranjero;6;0;0.0
2012;16 - Puente Aranda;Masculino;Extranjero;1;0;0.0
2012;17 - La Candelaria;Masculino;Extranjero;1;0;0.0
2012;00 - Bogotá;Masculino;Sin Informacion;17;6;35.29
2012;09 - Fontibón;Masculino;Sin Informacion;1;0;0.0
2012;19 - Ciudad Bolívar;Masculino;Sin Informacion;4;1;25.0
2012;01 - Usaquén;Masculino;Sin Informacion;2;0;0.0
2012;03 - Santa Fe;Masculino;Sin Informacion;1;0;0.0
2012;13 - Teusaquillo;Masculino;Sin Informacion;1;0;0.0
2012;08 - Kennedy;Masculino;Sin Informacion;3;2;66.67
2012;07 - Bosa;Masculino;Sin Informacion;2;0;0.0
2012;14 - Los Mártires;Masculino;Sin Informacion;2;2;100.0
2012;16 - Puente Aranda;Masculino;Sin Informacion;1;1;100.0
2013;00 - Bogotá;Femenino;Colombiano;50093;7070;14.11
2013;19 - Ciudad Bolívar;Femenino;Colombiano;4951;775;15.65
2013;05 - Usme;Femenino;Colombiano;2673;413;15.45
2013;06 - Tunjuelito;Femenino;Colombiano;1481;216;14.58
2013;07 - Bosa;Femenino;Colombiano;4958;657;13.25
2013;18 - Rafael Uribe Uribe;Femenino;Colombiano;2812;378;13.44
2013;08 - Kennedy;Femenino;Colombiano;7384;1060;14.36
2013;03 - Santa Fe;Femenino;Colombiano;827;134;16.2
2013;04 - San Cristóbal;Femenino;Colombiano;2903;421;14.5
2013;10 - Engativá;Femenino;Colombiano;4596;588;12.79
2013;01 - Usaquén;Femenino;Colombiano;2895;391;13.51
2013;12 - Barrios Unidos;Femenino;Colombiano;795;102;12.83
2013;11 - Suba;Femenino;Colombiano;7147;989;13.84
2013;02 - Chapinero;Femenino;Colombiano;896;112;12.5
2013;14 - Los Mártires;Femenino;Colombiano;610;91;14.92
2013;16 - Puente Aranda;Femenino;Colombiano;1515;220;14.52
2013;15 - Antonio Nariño;Femenino;Colombiano;650;103;15.85
2013;09 - Fontibón;Femenino;Colombiano;2107;274;13.0
2013;17 - La Candelaria;Femenino;Colombiano;174;26;14.94
2013;13 - Teusaquillo;Femenino;Colombiano;676;116;17.16
2013;20 - Sumapaz;Femenino;Colombiano;17;2;11.76
2013;99 - Sin Información;Femenino;Colombiano;26;2;7.69
2013;00 - Bogotá;Femenino;Extranjero;234;47;20.09
2013;13 - Teusaquillo;Femenino;Extranjero;12;4;33.33
2013;11 - Suba;Femenino;Extranjero;39;5;12.82
2013;01 - Usaquén;Femenino;Extranjero;65;15;23.08
2013;02 - Chapinero;Femenino;Extranjero;52;13;25.0
2013;17 - La Candelaria;Femenino;Extranjero;3;0;0.0
2013;14 - Los Mártires;Femenino;Extranjero;7;1;14.29
2013;08 - Kennedy;Femenino;Extranjero;12;5;41.67
2013;03 - Santa Fe;Femenino;Extranjero;7;0;0.0
2013;09 - Fontibón;Femenino;Extranjero;10;0;0.0
2013;06 - Tunjuelito;Femenino;Extranjero;4;0;0.0
2013;10 - Engativá;Femenino;Extranjero;9;1;11.11
2013;12 - Barrios Unidos;Femenino;Extranjero;3;0;0.0
2013;07 - Bosa;Femenino;Extranjero;2;0;0.0
2013;16 - Puente Aranda;Femenino;Extranjero;2;1;50.0
2013;18 - Rafael Uribe Uribe;Femenino;Extranjero;5;0;0.0
2013;99 - Sin Información;Femenino;Extranjero;1;1;100.0
2013;19 - Ciudad Bolívar;Femenino;Extranjero;1;1;100.0
2013;00 - Bogotá;Femenino;Sin Informacion;7;3;42.86
2013;08 - Kennedy;Femenino;Sin Informacion;2;1;50.0
2013;04 - San Cristóbal;Femenino;Sin Informacion;1;1;100.0
2013;03 - Santa Fe;Femenino;Sin Informacion;2;1;50.0
2013;18 - Rafael Uribe Uribe;Femenino;Sin Informacion;1;0;0.0
2013;99 - Sin Información;Femenino;Sin Informacion;1;0;0.0
2013;00 - Bogotá;Masculino;Colombiano;52658;6105;11.59
2013;19 - Ciudad Bolívar;Masculino;Colombiano;5117;631;12.33
2013;09 - Fontibón;Masculino;Colombiano;2257;240;10.63
2013;01 - Usaquén;Masculino;Colombiano;2942;326;11.08
2013;10 - Engativá;Masculino;Colombiano;4901;561;11.45
2013;08 - Kennedy;Masculino;Colombiano;7818;965;12.34
2013;11 - Suba;Masculino;Colombiano;7481;865;11.56
2013;15 - Antonio Nariño;Masculino;Colombiano;689;71;10.3
2013;07 - Bosa;Masculino;Colombiano;5146;560;10.88
2013;18 - Rafael Uribe Uribe;Masculino;Colombiano;2977;339;11.39
2013;04 - San Cristóbal;Masculino;Colombiano;3224;361;11.2
2013;05 - Usme;Masculino;Colombiano;2903;343;11.82
2013;16 - Puente Aranda;Masculino;Colombiano;1560;159;10.19
2013;06 - Tunjuelito;Masculino;Colombiano;1439;157;10.91
2013;02 - Chapinero;Masculino;Colombiano;951;124;13.04
2013;12 - Barrios Unidos;Masculino;Colombiano;900;103;11.44
2013;03 - Santa Fe;Masculino;Colombiano;841;115;13.67
2013;17 - La Candelaria;Masculino;Colombiano;199;27;13.57
2013;13 - Teusaquillo;Masculino;Colombiano;662;77;11.63
2013;14 - Los Mártires;Masculino;Colombiano;591;75;12.69
2013;20 - Sumapaz;Masculino;Colombiano;24;1;4.17
2013;99 - Sin Información;Masculino;Colombiano;36;5;13.89
2013;00 - Bogotá;Masculino;Extranjero;237;27;11.39
2013;02 - Chapinero;Masculino;Extranjero;70;8;11.43
2013;10 - Engativá;Masculino;Extranjero;18;3;16.67
2013;01 - Usaquén;Masculino;Extranjero;67;8;11.94
2013;11 - Suba;Masculino;Extranjero;27;0;0.0
2013;14 - Los Mártires;Masculino;Extranjero;6;1;16.67
2013;15 - Antonio Nariño;Masculino;Extranjero;2;1;50.0
2013;06 - Tunjuelito;Masculino;Extranjero;1;0;0.0
2013;03 - Santa Fe;Masculino;Extranjero;11;1;9.09
2013;09 - Fontibón;Masculino;Extranjero;6;0;0.0
2013;12 - Barrios Unidos;Masculino;Extranjero;4;0;0.0
2013;07 - Bosa;Masculino;Extranjero;2;1;50.0
2013;18 - Rafael Uribe Uribe;Masculino;Extranjero;2;2;100.0
2013;05 - Usme;Masculino;Extranjero;1;0;0.0
2013;08 - Kennedy;Masculino;Extranjero;7;0;0.0
2013;13 - Teusaquillo;Masculino;Extranjero;7;1;14.29
2013;16 - Puente Aranda;Masculino;Extranjero;2;0;0.0
2013;17 - La Candelaria;Masculino;Extranjero;3;1;33.33
2013;19 - Ciudad Bolívar;Masculino;Extranjero;1;0;0.0
2013;00 - Bogotá;Masculino;Sin Informacion;8;1;12.5
2013;14 - Los Mártires;Masculino;Sin Informacion;1;0;0.0
2013;07 - Bosa;Masculino;Sin Informacion;1;0;0.0
2013;06 - Tunjuelito;Masculino;Sin Informacion;1;0;0.0
2013;04 - San Cristóbal;Masculino;Sin Informacion;1;0;0.0
2013;08 - Kennedy;Masculino;Sin Informacion;4;1;25.0
2014;00 - Bogotá;Femenino;Colombiano;50445;6638;13.16
2014;08 - Kennedy;Femenino;Colombiano;7366;959;13.02
2014;09 - Fontibón;Femenino;Colombiano;2089;244;11.68
2014;10 - Engativá;Femenino;Colombiano;4935;653;13.23
2014;07 - Bosa;Femenino;Colombiano;4831;559;11.57
2014;04 - San Cristóbal;Femenino;Colombiano;3098;432;13.94
2014;11 - Suba;Femenino;Colombiano;7177;956;13.32
2014;01 - Usaquén;Femenino;Colombiano;2893;380;13.14
2014;05 - Usme;Femenino;Colombiano;2610;388;14.87
2014;19 - Ciudad Bolívar;Femenino;Colombiano;5146;724;14.07
2014;06 - Tunjuelito;Femenino;Colombiano;1320;173;13.11
2014;15 - Antonio Nariño;Femenino;Colombiano;621;86;13.85
2014;02 - Chapinero;Femenino;Colombiano;933;112;12.0
2014;18 - Rafael Uribe Uribe;Femenino;Colombiano;2604;328;12.6
2014;03 - Santa Fe;Femenino;Colombiano;810;135;16.67
2014;17 - La Candelaria;Femenino;Colombiano;209;29;13.88
2014;14 - Los Mártires;Femenino;Colombiano;632;78;12.34
2014;99 - Sin Información;Femenino;Colombiano;89;20;22.47
2014;12 - Barrios Unidos;Femenino;Colombiano;758;101;13.32
2014;16 - Puente Aranda;Femenino;Colombiano;1594;186;11.67
2014;13 - Teusaquillo;Femenino;Colombiano;709;91;12.83
2014;20 - Sumapaz;Femenino;Colombiano;21;4;19.05
2014;00 - Bogotá;Femenino;Extranjero;245;35;14.29
2014;02 - Chapinero;Femenino;Extranjero;61;11;18.03
2014;11 - Suba;Femenino;Extranjero;31;5;16.13
2014;10 - Engativá;Femenino;Extranjero;17;1;5.88
2014;01 - Usaquén;Femenino;Extranjero;57;9;15.79
2014;03 - Santa Fe;Femenino;Extranjero;7;0;0.0
2014;08 - Kennedy;Femenino;Extranjero;11;2;18.18
2014;14 - Los Mártires;Femenino;Extranjero;8;1;12.5
2014;16 - Puente Aranda;Femenino;Extranjero;4;1;25.0
2014;17 - La Candelaria;Femenino;Extranjero;1;0;0.0
2014;05 - Usme;Femenino;Extranjero;2;0;0.0
2014;07 - Bosa;Femenino;Extranjero;5;0;0.0
2014;09 - Fontibón;Femenino;Extranjero;11;0;0.0
2014;19 - Ciudad Bolívar;Femenino;Extranjero;2;0;0.0
2014;13 - Teusaquillo;Femenino;Extranjero;13;1;7.69
2014;18 - Rafael Uribe Uribe;Femenino;Extranjero;5;1;20.0
2014;04 - San Cristóbal;Femenino;Extranjero;5;2;40.0
2014;12 - Barrios Unidos;Femenino;Extranjero;4;1;25.0
2014;15 - Antonio Nariño;Femenino;Extranjero;1;0;0.0
2014;00 - Bogotá;Femenino;Sin Informacion;11;3;27.27
2014;11 - Suba;Femenino;Sin Informacion;1;0;0.0
2014;09 - Fontibón;Femenino;Sin Informacion;1;1;100.0
2014;01 - Usaquén;Femenino;Sin Informacion;1;0;0.0
2014;02 - Chapinero;Femenino;Sin Informacion;1;0;0.0
2014;99 - Sin Información;Femenino;Sin Informacion;3;2;66.67
2014;10 - Engativá;Femenino;Sin Informacion;1;0;0.0
2014;19 - Ciudad Bolívar;Femenino;Sin Informacion;1;0;0.0
2014;03 - Santa Fe;Femenino;Sin Informacion;1;0;0.0
2014;05 - Usme;Femenino;Sin Informacion;1;0;0.0
2014;00 - Bogotá;Masculino;Colombiano;52882;5989;11.33
2014;02 - Chapinero;Masculino;Colombiano;870;97;11.15
2014;04 - San Cristóbal;Masculino;Colombiano;3189;382;11.98
2014;12 - Barrios Unidos;Masculino;Colombiano;870;81;9.31
2014;07 - Bosa;Masculino;Colombiano;5045;542;10.74
2014;05 - Usme;Masculino;Colombiano;2720;336;12.35
2014;18 - Rafael Uribe Uribe;Masculino;Colombiano;2891;323;11.17
2014;08 - Kennedy;Masculino;Colombiano;7669;821;10.71
2014;19 - Ciudad Bolívar;Masculino;Colombiano;5409;641;11.85
2014;09 - Fontibón;Masculino;Colombiano;2283;239;10.47
2014;11 - Suba;Masculino;Colombiano;7600;916;12.05
2014;01 - Usaquén;Masculino;Colombiano;3024;345;11.41
2014;15 - Antonio Nariño;Masculino;Colombiano;655;81;12.37
2014;10 - Engativá;Masculino;Colombiano;5100;555;10.88
2014;16 - Puente Aranda;Masculino;Colombiano;1582;161;10.18
2014;13 - Teusaquillo;Masculino;Colombiano;756;88;11.64
2014;06 - Tunjuelito;Masculino;Colombiano;1461;169;11.57
2014;03 - Santa Fe;Masculino;Colombiano;818;97;11.86
2014;14 - Los Mártires;Masculino;Colombiano;633;77;12.16
2014;17 - La Candelaria;Masculino;Colombiano;202;18;8.91
2014;99 - Sin Información;Masculino;Colombiano;91;17;18.68
2014;20 - Sumapaz;Masculino;Colombiano;14;3;21.43
2014;00 - Bogotá;Masculino;Extranjero;251;33;13.15
2014;08 - Kennedy;Masculino;Extranjero;19;5;26.32
2014;02 - Chapinero;Masculino;Extranjero;72;9;12.5
2014;13 - Teusaquillo;Masculino;Extranjero;9;3;33.33
2014;11 - Suba;Masculino;Extranjero;23;3;13.04
2014;01 - Usaquén;Masculino;Extranjero;70;4;5.71
2014;14 - Los Mártires;Masculino;Extranjero;7;1;14.29
2014;09 - Fontibón;Masculino;Extranjero;11;3;27.27
2014;19 - Ciudad Bolívar;Masculino;Extranjero;4;0;0.0
2014;18 - Rafael Uribe Uribe;Masculino;Extranjero;4;0;0.0
2014;06 - Tunjuelito;Masculino;Extranjero;1;0;0.0
2014;07 - Bosa;Masculino;Extranjero;3;2;66.67
2014;04 - San Cristóbal;Masculino;Extranjero;4;0;0.0
2014;03 - Santa Fe;Masculino;Extranjero;5;2;40.0
2014;16 - Puente Aranda;Masculino;Extranjero;3;0;0.0
2014;10 - Engativá;Masculino;Extranjero;8;0;0.0
2014;15 - Antonio Nariño;Masculino;Extranjero;3;0;0.0
2014;17 - La Candelaria;Masculino;Extranjero;2;0;0.0
2014;12 - Barrios Unidos;Masculino;Extranjero;2;0;0.0
2014;05 - Usme;Masculino;Extranjero;1;1;100.0
2014;00 - Bogotá;Masculino;Sin Informacion;8;2;25.0
2014;07 - Bosa;Masculino;Sin Informacion;2;1;50.0
2014;14 - Los Mártires;Masculino;Sin Informacion;1;0;0.0
2014;99 - Sin Información;Masculino;Sin Informacion;1;0;0.0
2014;19 - Ciudad Bolívar;Masculino;Sin Informacion;1;0;0.0
2014;06 - Tunjuelito;Masculino;Sin Informacion;1;1;100.0
2014;01 - Usaquén;Masculino;Sin Informacion;1;0;0.0
2014;11 - Suba;Masculino;Sin Informacion;1;0;0.0
2015;00 - Bogotá;Femenino;Colombiano;49703;6482;13.04
2015;19 - Ciudad Bolívar;Femenino;Colombiano;5092;682;13.39
2015;08 - Kennedy;Femenino;Colombiano;7267;929;12.78
2015;18 - Rafael Uribe Uribe;Femenino;Colombiano;2650;346;13.06
2015;12 - Barrios Unidos;Femenino;Colombiano;737;100;13.57
2015;07 - Bosa;Femenino;Colombiano;5040;611;12.12
2015;05 - Usme;Femenino;Colombiano;2652;404;15.23
2015;03 - Santa Fe;Femenino;Colombiano;750;89;11.87
2015;04 - San Cristóbal;Femenino;Colombiano;2904;428;14.74
2015;15 - Antonio Nariño;Femenino;Colombiano;553;78;14.1
2015;16 - Puente Aranda;Femenino;Colombiano;1534;185;12.06
2015;11 - Suba;Femenino;Colombiano;7167;928;12.95
2015;17 - La Candelaria;Femenino;Colombiano;160;23;14.37
2015;14 - Los Mártires;Femenino;Colombiano;560;77;13.75
2015;09 - Fontibón;Femenino;Colombiano;2058;235;11.42
2015;01 - Usaquén;Femenino;Colombiano;3010;391;12.99
2015;10 - Engativá;Femenino;Colombiano;4527;568;12.55
2015;02 - Chapinero;Femenino;Colombiano;880;113;12.84
2015;13 - Teusaquillo;Femenino;Colombiano;634;80;12.62
2015;99 - Sin Información;Femenino;Colombiano;216;39;18.06
2015;06 - Tunjuelito;Femenino;Colombiano;1299;174;13.39
2015;20 - Sumapaz;Femenino;Colombiano;13;2;15.38
2015;00 - Bogotá;Femenino;Extranjero;321;42;13.08
2015;01 - Usaquén;Femenino;Extranjero;87;14;16.09
2015;02 - Chapinero;Femenino;Extranjero;69;9;13.04
2015;11 - Suba;Femenino;Extranjero;63;10;15.87
2015;12 - Barrios Unidos;Femenino;Extranjero;10;1;10.0
2015;13 - Teusaquillo;Femenino;Extranjero;10;1;10.0
2015;14 - Los Mártires;Femenino;Extranjero;3;0;0.0
2015;10 - Engativá;Femenino;Extranjero;16;1;6.25
2015;15 - Antonio Nariño;Femenino;Extranjero;3;0;0.0
2015;09 - Fontibón;Femenino;Extranjero;15;1;6.67
2015;08 - Kennedy;Femenino;Extranjero;14;2;14.29
2015;07 - Bosa;Femenino;Extranjero;2;0;0.0
2015;18 - Rafael Uribe Uribe;Femenino;Extranjero;5;1;20.0
2015;04 - San Cristóbal;Femenino;Extranjero;4;0;0.0
2015;03 - Santa Fe;Femenino;Extranjero;7;0;0.0
2015;17 - La Candelaria;Femenino;Extranjero;1;0;0.0
2015;99 - Sin Información;Femenino;Extranjero;3;0;0.0
2015;06 - Tunjuelito;Femenino;Extranjero;1;0;0.0
2015;19 - Ciudad Bolívar;Femenino;Extranjero;3;0;0.0
2015;16 - Puente Aranda;Femenino;Extranjero;5;2;40.0
2015;00 - Bogotá;Femenino;Sin Informacion;17;4;23.53
2015;08 - Kennedy;Femenino;Sin Informacion;4;0;0.0
2015;03 - Santa Fe;Femenino;Sin Informacion;1;1;100.0
2015;11 - Suba;Femenino;Sin Informacion;5;2;40.0
2015;09 - Fontibón;Femenino;Sin Informacion;2;0;0.0
2015;19 - Ciudad Bolívar;Femenino;Sin Informacion;2;0;0.0
2015;04 - San Cristóbal;Femenino;Sin Informacion;1;0;0.0
2015;01 - Usaquén;Femenino;Sin Informacion;1;0;0.0
2015;99 - Sin Información;Femenino;Sin Informacion;1;1;100.0
2015;00 - Bogotá;Indeterminado;Colombiano;1;0;0.0
2015;11 - Suba;Indeterminado;Colombiano;1;0;0.0
2015;00 - Bogotá;Masculino;Colombiano;52416;5926;11.31
2015;07 - Bosa;Masculino;Colombiano;5389;605;11.23
2015;18 - Rafael Uribe Uribe;Masculino;Colombiano;2722;307;11.28
2015;09 - Fontibón;Masculino;Colombiano;2181;234;10.73
2015;11 - Suba;Masculino;Colombiano;7537;849;11.26
2015;05 - Usme;Masculino;Colombiano;2813;366;13.01
2015;19 - Ciudad Bolívar;Masculino;Colombiano;5217;611;11.71
2015;10 - Engativá;Masculino;Colombiano;4830;558;11.55
2015;08 - Kennedy;Masculino;Colombiano;7711;816;10.58
2015;06 - Tunjuelito;Masculino;Colombiano;1407;155;11.02
2015;01 - Usaquén;Masculino;Colombiano;3177;314;9.88
2015;04 - San Cristóbal;Masculino;Colombiano;3114;386;12.4
2015;13 - Teusaquillo;Masculino;Colombiano;642;75;11.68
2015;03 - Santa Fe;Masculino;Colombiano;775;81;10.45
2015;15 - Antonio Nariño;Masculino;Colombiano;634;70;11.04
2015;12 - Barrios Unidos;Masculino;Colombiano;818;82;10.02
2015;02 - Chapinero;Masculino;Colombiano;911;117;12.84
2015;16 - Puente Aranda;Masculino;Colombiano;1541;178;11.55
2015;14 - Los Mártires;Masculino;Colombiano;601;62;10.32
2015;17 - La Candelaria;Masculino;Colombiano;179;29;16.2
2015;99 - Sin Información;Masculino;Colombiano;194;27;13.92
2015;20 - Sumapaz;Masculino;Colombiano;23;4;17.39
2015;00 - Bogotá;Masculino;Extranjero;307;31;10.1
2015;13 - Teusaquillo;Masculino;Extranjero;16;2;12.5
2015;11 - Suba;Masculino;Extranjero;52;7;13.46
2015;01 - Usaquén;Masculino;Extranjero;90;7;7.78
2015;08 - Kennedy;Masculino;Extranjero;13;1;7.69
2015;19 - Ciudad Bolívar;Masculino;Extranjero;4;0;0.0
2015;02 - Chapinero;Masculino;Extranjero;67;6;8.96
2015;15 - Antonio Nariño;Masculino;Extranjero;5;0;0.0
2015;12 - Barrios Unidos;Masculino;Extranjero;7;2;28.57
2015;10 - Engativá;Masculino;Extranjero;7;2;28.57
2015;17 - La Candelaria;Masculino;Extranjero;4;0;0.0
2015;03 - Santa Fe;Masculino;Extranjero;7;0;0.0
2015;14 - Los Mártires;Masculino;Extranjero;7;0;0.0
2015;99 - Sin Información;Masculino;Extranjero;2;0;0.0
2015;09 - Fontibón;Masculino;Extranjero;6;0;0.0
2015;05 - Usme;Masculino;Extranjero;5;1;20.0
2015;06 - Tunjuelito;Masculino;Extranjero;1;0;0.0
2015;07 - Bosa;Masculino;Extranjero;5;1;20.0
2015;04 - San Cristóbal;Masculino;Extranjero;4;0;0.0
2015;16 - Puente Aranda;Masculino;Extranjero;3;1;33.33
2015;18 - Rafael Uribe Uribe;Masculino;Extranjero;2;1;50.0
2015;00 - Bogotá;Masculino;Sin Informacion;13;2;15.38
2015;19 - Ciudad Bolívar;Masculino;Sin Informacion;3;0;0.0
2015;01 - Usaquén;Masculino;Sin Informacion;1;0;0.0
2015;20 - Sumapaz;Masculino;Sin Informacion;1;0;0.0
2015;10 - Engativá;Masculino;Sin Informacion;1;1;100.0
2015;16 - Puente Aranda;Masculino;Sin Informacion;1;0;0.0
2015;99 - Sin Información;Masculino;Sin Informacion;3;1;33.33
2015;04 - San Cristóbal;Masculino;Sin Informacion;1;0;0.0
2015;06 - Tunjuelito;Masculino;Sin Informacion;1;0;0.0
2015;05 - Usme;Masculino;Sin Informacion;1;0;0.0
2016;00 - Bogotá;Femenino;Colombiano;47674;6584;13.81
2016;09 - Fontibón;Femenino;Colombiano;2090;299;14.31
2016;01 - Usaquén;Femenino;Colombiano;2956;388;13.13
2016;07 - Bosa;Femenino;Colombiano;4874;636;13.05
2016;15 - Antonio Nariño;Femenino;Colombiano;610;98;16.07
2016;10 - Engativá;Femenino;Colombiano;4175;551;13.2
2016;05 - Usme;Femenino;Colombiano;2702;418;15.47
2016;08 - Kennedy;Femenino;Colombiano;6859;927;13.52
2016;19 - Ciudad Bolívar;Femenino;Colombiano;4717;716;15.18
2016;11 - Suba;Femenino;Colombiano;6646;872;13.12
2016;06 - Tunjuelito;Femenino;Colombiano;1313;178;13.56
2016;16 - Puente Aranda;Femenino;Colombiano;1385;186;13.43
2016;99 - Sin Información;Femenino;Colombiano;327;55;16.82
2016;18 - Rafael Uribe Uribe;Femenino;Colombiano;2570;363;14.12
2016;03 - Santa Fe;Femenino;Colombiano;656;77;11.74
2016;12 - Barrios Unidos;Femenino;Colombiano;785;121;15.41
2016;13 - Teusaquillo;Femenino;Colombiano;592;96;16.22
2016;02 - Chapinero;Femenino;Colombiano;900;126;14.0
2016;14 - Los Mártires;Femenino;Colombiano;556;70;12.59
2016;04 - San Cristóbal;Femenino;Colombiano;2825;386;13.66
2016;17 - La Candelaria;Femenino;Colombiano;125;20;16.0
2016;20 - Sumapaz;Femenino;Colombiano;11;1;9.09
2016;00 - Bogotá;Femenino;Extranjero;367;61;16.62
2016;11 - Suba;Femenino;Extranjero;54;11;20.37
2016;06 - Tunjuelito;Femenino;Extranjero;2;0;0.0
2016;10 - Engativá;Femenino;Extranjero;15;4;26.67
2016;01 - Usaquén;Femenino;Extranjero;121;22;18.18
2016;02 - Chapinero;Femenino;Extranjero;74;11;14.86
2016;08 - Kennedy;Femenino;Extranjero;18;1;5.56
2016;03 - Santa Fe;Femenino;Extranjero;4;1;25.0
2016;09 - Fontibón;Femenino;Extranjero;14;1;7.14
2016;13 - Teusaquillo;Femenino;Extranjero;12;2;16.67
2016;15 - Antonio Nariño;Femenino;Extranjero;5;0;0.0
2016;99 - Sin Información;Femenino;Extranjero;3;1;33.33
2016;19 - Ciudad Bolívar;Femenino;Extranjero;15;2;13.33
2016;07 - Bosa;Femenino;Extranjero;3;1;33.33
2016;14 - Los Mártires;Femenino;Extranjero;7;1;14.29
2016;05 - Usme;Femenino;Extranjero;3;0;0.0
2016;16 - Puente Aranda;Femenino;Extranjero;4;1;25.0
2016;18 - Rafael Uribe Uribe;Femenino;Extranjero;7;2;28.57
2016;12 - Barrios Unidos;Femenino;Extranjero;3;0;0.0
2016;04 - San Cristóbal;Femenino;Extranjero;3;0;0.0
2016;00 - Bogotá;Femenino;Sin Informacion;7;1;14.29
2016;08 - Kennedy;Femenino;Sin Informacion;1;0;0.0
2016;14 - Los Mártires;Femenino;Sin Informacion;1;0;0.0
2016;06 - Tunjuelito;Femenino;Sin Informacion;2;1;50.0
2016;19 - Ciudad Bolívar;Femenino;Sin Informacion;1;0;0.0
2016;18 - Rafael Uribe Uribe;Femenino;Sin Informacion;2;0;0.0
2016;00 - Bogotá;Indeterminado;Colombiano;7;2;28.57
2016;10 - Engativá;Indeterminado;Colombiano;1;0;0.0
2016;08 - Kennedy;Indeterminado;Colombiano;2;1;50.0
2016;01 - Usaquén;Indeterminado;Colombiano;1;1;100.0
2016;14 - Los Mártires;Indeterminado;Colombiano;1;0;0.0
2016;19 - Ciudad Bolívar;Indeterminado;Colombiano;1;0;0.0
2016;11 - Suba;Indeterminado;Colombiano;1;0;0.0
2016;00 - Bogotá;Masculino;Colombiano;50200;5735;11.42
2016;10 - Engativá;Masculino;Colombiano;4591;513;11.17
2016;16 - Puente Aranda;Masculino;Colombiano;1455;165;11.34
2016;05 - Usme;Masculino;Colombiano;2800;368;13.14
2016;18 - Rafael Uribe Uribe;Masculino;Colombiano;2796;327;11.7
2016;13 - Teusaquillo;Masculino;Colombiano;635;74;11.65
2016;11 - Suba;Masculino;Colombiano;6985;820;11.74
2016;08 - Kennedy;Masculino;Colombiano;7240;858;11.85
2016;01 - Usaquén;Masculino;Colombiano;3052;361;11.83
2016;07 - Bosa;Masculino;Colombiano;5185;547;10.55
2016;19 - Ciudad Bolívar;Masculino;Colombiano;5043;552;10.95
2016;09 - Fontibón;Masculino;Colombiano;2091;231;11.05
2016;04 - San Cristóbal;Masculino;Colombiano;2950;339;11.49
2016;99 - Sin Información;Masculino;Colombiano;366;40;10.93
2016;15 - Antonio Nariño;Masculino;Colombiano;609;63;10.34
2016;14 - Los Mártires;Masculino;Colombiano;521;61;11.71
2016;06 - Tunjuelito;Masculino;Colombiano;1298;149;11.48
2016;03 - Santa Fe;Masculino;Colombiano;693;64;9.24
2016;02 - Chapinero;Masculino;Colombiano;988;109;11.03
2016;12 - Barrios Unidos;Masculino;Colombiano;757;77;10.17
2016;17 - La Candelaria;Masculino;Colombiano;134;17;12.69
2016;20 - Sumapaz;Masculino;Colombiano;11;0;0.0
2016;00 - Bogotá;Masculino;Extranjero;388;34;8.76
2016;19 - Ciudad Bolívar;Masculino;Extranjero;11;1;9.09
2016;02 - Chapinero;Masculino;Extranjero;82;6;7.32
2016;01 - Usaquén;Masculino;Extranjero;95;9;9.47
2016;16 - Puente Aranda;Masculino;Extranjero;5;0;0.0
2016;04 - San Cristóbal;Masculino;Extranjero;9;1;11.11
2016;11 - Suba;Masculino;Extranjero;62;5;8.06
2016;99 - Sin Información;Masculino;Extranjero;8;1;12.5
2016;10 - Engativá;Masculino;Extranjero;22;3;13.64
2016;06 - Tunjuelito;Masculino;Extranjero;2;0;0.0
2016;07 - Bosa;Masculino;Extranjero;9;1;11.11
2016;12 - Barrios Unidos;Masculino;Extranjero;9;1;11.11
2016;08 - Kennedy;Masculino;Extranjero;19;2;10.53
2016;09 - Fontibón;Masculino;Extranjero;18;2;11.11
2016;15 - Antonio Nariño;Masculino;Extranjero;1;0;0.0
2016;13 - Teusaquillo;Masculino;Extranjero;10;0;0.0
2016;14 - Los Mártires;Masculino;Extranjero;6;0;0.0
2016;18 - Rafael Uribe Uribe;Masculino;Extranjero;7;0;0.0
2016;03 - Santa Fe;Masculino;Extranjero;9;1;11.11
2016;17 - La Candelaria;Masculino;Extranjero;2;1;50.0
2016;05 - Usme;Masculino;Extranjero;2;0;0.0
2016;00 - Bogotá;Masculino;Sin Informacion;10;2;20.0
2016;14 - Los Mártires;Masculino;Sin Informacion;2;1;50.0
2016;06 - Tunjuelito;Masculino;Sin Informacion;1;0;0.0
2016;05 - Usme;Masculino;Sin Informacion;2;0;0.0
2016;03 - Santa Fe;Masculino;Sin Informacion;1;1;100.0
2016;01 - Usaquén;Masculino;Sin Informacion;1;0;0.0
2016;04 - San Cristóbal;Masculino;Sin Informacion;1;0;0.0
2016;02 - Chapinero;Masculino;Sin Informacion;1;0;0.0
2016;12 - Barrios Unidos;Masculino;Sin Informacion;1;0;0.0
2017;00 - Bogotá;Femenino;Colombiano;43908;6339;14.44
2017;18 - Rafael Uribe Uribe;Femenino;Colombiano;2287;325;14.21
2017;08 - Kennedy;Femenino;Colombiano;6375;905;14.2
2017;14 - Los Mártires;Femenino;Colombiano;495;81;16.36
2017;11 - Suba;Femenino;Colombiano;6342;928;14.63
2017;01 - Usaquén;Femenino;Colombiano;2732;381;13.95
2017;04 - San Cristóbal;Femenino;Colombiano;2491;393;15.78
2017;07 - Bosa;Femenino;Colombiano;4561;616;13.51
2017;13 - Teusaquillo;Femenino;Colombiano;576;74;12.85
2017;09 - Fontibón;Femenino;Colombiano;1813;259;14.29
2017;19 - Ciudad Bolívar;Femenino;Colombiano;4518;710;15.71
2017;10 - Engativá;Femenino;Colombiano;3910;568;14.53
2017;05 - Usme;Femenino;Colombiano;2517;352;13.98
2017;03 - Santa Fe;Femenino;Colombiano;731;110;15.05
2017;02 - Chapinero;Femenino;Colombiano;862;144;16.71
2017;06 - Tunjuelito;Femenino;Colombiano;1150;152;13.22
2017;16 - Puente Aranda;Femenino;Colombiano;1128;154;13.65
2017;15 - Antonio Nariño;Femenino;Colombiano;467;49;10.49
2017;12 - Barrios Unidos;Femenino;Colombiano;712;105;14.75
2017;17 - La Candelaria;Femenino;Colombiano;159;21;13.21
2017;99 - Sin Información;Femenino;Colombiano;74;10;13.51
2017;20 - Sumapaz;Femenino;Colombiano;8;2;25.0
2017;00 - Bogotá;Femenino;Extranjero;508;83;16.34
2017;01 - Usaquén;Femenino;Extranjero;118;19;16.1
2017;02 - Chapinero;Femenino;Extranjero;66;13;19.7
2017;04 - San Cristóbal;Femenino;Extranjero;9;4;44.44
2017;10 - Engativá;Femenino;Extranjero;43;7;16.28
2017;11 - Suba;Femenino;Extranjero;79;12;15.19
2017;08 - Kennedy;Femenino;Extranjero;51;8;15.69
2017;13 - Teusaquillo;Femenino;Extranjero;16;2;12.5
2017;18 - Rafael Uribe Uribe;Femenino;Extranjero;6;1;16.67
2017;14 - Los Mártires;Femenino;Extranjero;11;2;18.18
2017;07 - Bosa;Femenino;Extranjero;21;1;4.76
2017;15 - Antonio Nariño;Femenino;Extranjero;12;2;16.67
2017;19 - Ciudad Bolívar;Femenino;Extranjero;21;2;9.52
2017;09 - Fontibón;Femenino;Extranjero;9;0;0.0
2017;12 - Barrios Unidos;Femenino;Extranjero;8;1;12.5
2017;03 - Santa Fe;Femenino;Extranjero;8;0;0.0
2017;06 - Tunjuelito;Femenino;Extranjero;10;5;50.0
2017;05 - Usme;Femenino;Extranjero;9;2;22.22
2017;17 - La Candelaria;Femenino;Extranjero;3;0;0.0
2017;99 - Sin Información;Femenino;Extranjero;2;0;0.0
2017;16 - Puente Aranda;Femenino;Extranjero;6;2;33.33
2017;00 - Bogotá;Femenino;Sin Informacion;80;16;20.0
2017;08 - Kennedy;Femenino;Sin Informacion;10;4;40.0
2017;18 - Rafael Uribe Uribe;Femenino;Sin Informacion;8;0;0.0
2017;06 - Tunjuelito;Femenino;Sin Informacion;3;2;66.67
2017;10 - Engativá;Femenino;Sin Informacion;6;1;16.67
2017;05 - Usme;Femenino;Sin Informacion;7;1;14.29
2017;99 - Sin Información;Femenino;Sin Informacion;1;0;0.0
2017;01 - Usaquén;Femenino;Sin Informacion;5;0;0.0
2017;04 - San Cristóbal;Femenino;Sin Informacion;8;2;25.0
2017;19 - Ciudad Bolívar;Femenino;Sin Informacion;15;1;6.67
2017;14 - Los Mártires;Femenino;Sin Informacion;7;1;14.29
2017;11 - Suba;Femenino;Sin Informacion;1;0;0.0
2017;03 - Santa Fe;Femenino;Sin Informacion;3;1;33.33
2017;15 - Antonio Nariño;Femenino;Sin Informacion;1;1;100.0
2017;07 - Bosa;Femenino;Sin Informacion;2;0;0.0
2017;17 - La Candelaria;Femenino;Sin Informacion;1;0;0.0
2017;09 - Fontibón;Femenino;Sin Informacion;1;1;100.0
2017;02 - Chapinero;Femenino;Sin Informacion;1;1;100.0
2017;00 - Bogotá;Indeterminado;Colombiano;7;2;28.57
2017;08 - Kennedy;Indeterminado;Colombiano;2;0;0.0
2017;19 - Ciudad Bolívar;Indeterminado;Colombiano;1;0;0.0
2017;10 - Engativá;Indeterminado;Colombiano;1;0;0.0
2017;07 - Bosa;Indeterminado;Colombiano;1;1;100.0
2017;05 - Usme;Indeterminado;Colombiano;1;0;0.0
2017;11 - Suba;Indeterminado;Colombiano;1;1;100.0
2017;00 - Bogotá;Masculino;Colombiano;46888;5590;11.92
2017;06 - Tunjuelito;Masculino;Colombiano;1246;129;10.35
2017;04 - San Cristóbal;Masculino;Colombiano;2682;359;13.39
2017;11 - Suba;Masculino;Colombiano;6726;816;12.13
2017;08 - Kennedy;Masculino;Colombiano;6881;843;12.25
2017;13 - Teusaquillo;Masculino;Colombiano;581;52;8.95
2017;18 - Rafael Uribe Uribe;Masculino;Colombiano;2369;285;12.03
2017;19 - Ciudad Bolívar;Masculino;Colombiano;4776;585;12.25
2017;16 - Puente Aranda;Masculino;Colombiano;1295;143;11.04
2017;05 - Usme;Masculino;Colombiano;2658;326;12.26
2017;09 - Fontibón;Masculino;Colombiano;1930;215;11.14
2017;10 - Engativá;Masculino;Colombiano;4154;456;10.98
2017;02 - Chapinero;Masculino;Colombiano;951;123;12.93
2017;01 - Usaquén;Masculino;Colombiano;2951;318;10.78
2017;07 - Bosa;Masculino;Colombiano;4812;575;11.95
2017;14 - Los Mártires;Masculino;Colombiano;508;60;11.81
2017;15 - Antonio Nariño;Masculino;Colombiano;540;52;9.63
2017;03 - Santa Fe;Masculino;Colombiano;813;113;13.9
2017;12 - Barrios Unidos;Masculino;Colombiano;717;92;12.83
2017;17 - La Candelaria;Masculino;Colombiano;168;30;17.86
2017;99 - Sin Información;Masculino;Colombiano;119;17;14.29
2017;20 - Sumapaz;Masculino;Colombiano;11;1;9.09
2017;00 - Bogotá;Masculino;Extranjero;579;61;10.54
2017;01 - Usaquén;Masculino;Extranjero;121;13;10.74
2017;19 - Ciudad Bolívar;Masculino;Extranjero;17;2;11.76
2017;07 - Bosa;Masculino;Extranjero;22;1;4.55
2017;02 - Chapinero;Masculino;Extranjero;91;10;10.99
2017;04 - San Cristóbal;Masculino;Extranjero;16;4;25.0
2017;11 - Suba;Masculino;Extranjero;103;13;12.62
2017;10 - Engativá;Masculino;Extranjero;56;5;8.93
2017;13 - Teusaquillo;Masculino;Extranjero;20;1;5.0
2017;18 - Rafael Uribe Uribe;Masculino;Extranjero;10;1;10.0
2017;08 - Kennedy;Masculino;Extranjero;33;5;15.15
2017;09 - Fontibón;Masculino;Extranjero;21;0;0.0
2017;14 - Los Mártires;Masculino;Extranjero;12;0;0.0
2017;12 - Barrios Unidos;Masculino;Extranjero;12;0;0.0
2017;05 - Usme;Masculino;Extranjero;9;2;22.22
2017;17 - La Candelaria;Masculino;Extranjero;6;0;0.0
2017;15 - Antonio Nariño;Masculino;Extranjero;6;1;16.67
2017;03 - Santa Fe;Masculino;Extranjero;12;1;8.33
2017;06 - Tunjuelito;Masculino;Extranjero;8;1;12.5
2017;99 - Sin Información;Masculino;Extranjero;2;0;0.0
2017;16 - Puente Aranda;Masculino;Extranjero;2;1;50.0
2017;00 - Bogotá;Masculino;Sin Informacion;84;16;19.05
2017;10 - Engativá;Masculino;Sin Informacion;7;0;0.0
2017;08 - Kennedy;Masculino;Sin Informacion;12;3;25.0
2017;18 - Rafael Uribe Uribe;Masculino;Sin Informacion;6;1;16.67
2017;06 - Tunjuelito;Masculino;Sin Informacion;2;0;0.0
2017;14 - Los Mártires;Masculino;Sin Informacion;8;3;37.5
2017;05 - Usme;Masculino;Sin Informacion;5;1;20.0
2017;11 - Suba;Masculino;Sin Informacion;2;0;0.0
2017;01 - Usaquén;Masculino;Sin Informacion;4;1;25.0
2017;07 - Bosa;Masculino;Sin Informacion;6;0;0.0
2017;19 - Ciudad Bolívar;Masculino;Sin Informacion;14;2;14.29
2017;04 - San Cristóbal;Masculino;Sin Informacion;7;1;14.29
2017;12 - Barrios Unidos;Masculino;Sin Informacion;3;1;33.33
2017;99 - Sin Información;Masculino;Sin Informacion;2;2;100.0
2017;17 - La Candelaria;Masculino;Sin Informacion;1;0;0.0
2017;03 - Santa Fe;Masculino;Sin Informacion;4;1;25.0
2017;13 - Teusaquillo;Masculino;Sin Informacion;1;0;0.0
2018;00 - Bogotá;Femenino;Colombiano;41282;6122;14.83
2018;08 - Kennedy;Femenino;Colombiano;5883;820;13.94
2018;07 - Bosa;Femenino;Colombiano;4415;665;15.06
2018;16 - Puente Aranda;Femenino;Colombiano;1092;162;14.84
2018;19 - Ciudad Bolívar;Femenino;Colombiano;4458;673;15.1
2018;01 - Usaquén;Femenino;Colombiano;2560;349;13.63
2018;11 - Suba;Femenino;Colombiano;5708;846;14.82
2018;05 - Usme;Femenino;Colombiano;2365;380;16.07
2018;13 - Teusaquillo;Femenino;Colombiano;549;84;15.3
2018;09 - Fontibón;Femenino;Colombiano;1746;249;14.26
2018;18 - Rafael Uribe Uribe;Femenino;Colombiano;2181;342;15.68
2018;04 - San Cristóbal;Femenino;Colombiano;2328;391;16.8
2018;12 - Barrios Unidos;Femenino;Colombiano;606;86;14.19
2018;10 - Engativá;Femenino;Colombiano;3794;553;14.58
2018;14 - Los Mártires;Femenino;Colombiano;504;67;13.29
2018;06 - Tunjuelito;Femenino;Colombiano;1079;146;13.53
2018;02 - Chapinero;Femenino;Colombiano;678;113;16.67
2018;03 - Santa Fe;Femenino;Colombiano;690;101;14.64
2018;15 - Antonio Nariño;Femenino;Colombiano;431;57;13.23
2018;99 - Sin Información;Femenino;Colombiano;83;18;21.69
2018;17 - La Candelaria;Femenino;Colombiano;115;16;13.91
2018;20 - Sumapaz;Femenino;Colombiano;17;4;23.53
2018;00 - Bogotá;Femenino;Extranjero;1089;144;13.22
2018;01 - Usaquén;Femenino;Extranjero;161;24;14.91
2018;11 - Suba;Femenino;Extranjero;145;22;15.17
2018;08 - Kennedy;Femenino;Extranjero;147;18;12.24
2018;10 - Engativá;Femenino;Extranjero;116;14;12.07
2018;02 - Chapinero;Femenino;Extranjero;90;14;15.56
2018;07 - Bosa;Femenino;Extranjero;92;17;18.48
2018;16 - Puente Aranda;Femenino;Extranjero;18;1;5.56
2018;12 - Barrios Unidos;Femenino;Extranjero;18;2;11.11
2018;09 - Fontibón;Femenino;Extranjero;50;2;4.0
2018;18 - Rafael Uribe Uribe;Femenino;Extranjero;40;7;17.5
2018;03 - Santa Fe;Femenino;Extranjero;22;0;0.0
2018;19 - Ciudad Bolívar;Femenino;Extranjero;53;6;11.32
2018;20 - Sumapaz;Femenino;Extranjero;1;0;0.0
2018;06 - Tunjuelito;Femenino;Extranjero;24;3;12.5
2018;04 - San Cristóbal;Femenino;Extranjero;31;6;19.35
2018;13 - Teusaquillo;Femenino;Extranjero;17;0;0.0
2018;05 - Usme;Femenino;Extranjero;28;4;14.29
2018;14 - Los Mártires;Femenino;Extranjero;19;1;5.26
2018;15 - Antonio Nariño;Femenino;Extranjero;12;2;16.67
2018;17 - La Candelaria;Femenino;Extranjero;2;1;50.0
2018;99 - Sin Información;Femenino;Extranjero;3;0;0.0
2018;00 - Bogotá;Femenino;Sin Informacion;253;41;16.21
2018;07 - Bosa;Femenino;Sin Informacion;17;3;17.65
2018;10 - Engativá;Femenino;Sin Informacion;44;7;15.91
2018;04 - San Cristóbal;Femenino;Sin Informacion;13;3;23.08
2018;19 - Ciudad Bolívar;Femenino;Sin Informacion;50;9;18.0
2018;08 - Kennedy;Femenino;Sin Informacion;37;5;13.51
2018;05 - Usme;Femenino;Sin Informacion;12;0;0.0
2018;12 - Barrios Unidos;Femenino;Sin Informacion;7;1;14.29
2018;18 - Rafael Uribe Uribe;Femenino;Sin Informacion;14;4;28.57
2018;06 - Tunjuelito;Femenino;Sin Informacion;20;2;10.0
2018;09 - Fontibón;Femenino;Sin Informacion;4;0;0.0
2018;13 - Teusaquillo;Femenino;Sin Informacion;3;0;0.0
2018;14 - Los Mártires;Femenino;Sin Informacion;6;3;50.0
2018;02 - Chapinero;Femenino;Sin Informacion;4;2;50.0
2018;11 - Suba;Femenino;Sin Informacion;12;1;8.33
2018;99 - Sin Información;Femenino;Sin Informacion;2;1;50.0
2018;01 - Usaquén;Femenino;Sin Informacion;1;0;0.0
2018;16 - Puente Aranda;Femenino;Sin Informacion;2;0;0.0
2018;03 - Santa Fe;Femenino;Sin Informacion;4;0;0.0
2018;15 - Antonio Nariño;Femenino;Sin Informacion;1;0;0.0
2018;00 - Bogotá;Indeterminado;Colombiano;6;4;66.67
2018;11 - Suba;Indeterminado;Colombiano;2;1;50.0
2018;03 - Santa Fe;Indeterminado;Colombiano;1;0;0.0
2018;04 - San Cristóbal;Indeterminado;Colombiano;1;1;100.0
2018;08 - Kennedy;Indeterminado;Colombiano;1;1;100.0
2018;07 - Bosa;Indeterminado;Colombiano;1;1;100.0
2018;00 - Bogotá;Masculino;Colombiano;43159;5238;12.14
2018;09 - Fontibón;Masculino;Colombiano;1859;222;11.94
2018;05 - Usme;Masculino;Colombiano;2513;359;14.29
2018;07 - Bosa;Masculino;Colombiano;4485;529;11.79
2018;19 - Ciudad Bolívar;Masculino;Colombiano;4718;581;12.31
2018;10 - Engativá;Masculino;Colombiano;3872;442;11.42
2018;18 - Rafael Uribe Uribe;Masculino;Colombiano;2329;284;12.19
2018;08 - Kennedy;Masculino;Colombiano;6087;731;12.01
2018;11 - Suba;Masculino;Colombiano;6100;679;11.13
2018;12 - Barrios Unidos;Masculino;Colombiano;681;90;13.22
2018;04 - San Cristóbal;Masculino;Colombiano;2246;337;15.0
2018;06 - Tunjuelito;Masculino;Colombiano;1143;135;11.81
2018;01 - Usaquén;Masculino;Colombiano;2607;306;11.74
2018;16 - Puente Aranda;Masculino;Colombiano;1147;118;10.29
2018;02 - Chapinero;Masculino;Colombiano;792;116;14.65
2018;13 - Teusaquillo;Masculino;Colombiano;591;72;12.18
2018;15 - Antonio Nariño;Masculino;Colombiano;462;48;10.39
2018;14 - Los Mártires;Masculino;Colombiano;523;75;14.34
2018;03 - Santa Fe;Masculino;Colombiano;777;90;11.58
2018;99 - Sin Información;Masculino;Colombiano;86;9;10.47
2018;17 - La Candelaria;Masculino;Colombiano;125;13;10.4
2018;20 - Sumapaz;Masculino;Colombiano;16;2;12.5
2018;00 - Bogotá;Masculino;Extranjero;1146;159;13.87
2018;08 - Kennedy;Masculino;Extranjero;173;20;11.56
2018;15 - Antonio Nariño;Masculino;Extranjero;11;3;27.27
2018;07 - Bosa;Masculino;Extranjero;74;6;8.11
2018;01 - Usaquén;Masculino;Extranjero;151;21;13.91
2018;02 - Chapinero;Masculino;Extranjero;89;11;12.36
2018;12 - Barrios Unidos;Masculino;Extranjero;21;3;14.29
2018;11 - Suba;Masculino;Extranjero;145;24;16.55
2018;10 - Engativá;Masculino;Extranjero;118;21;17.8
2018;18 - Rafael Uribe Uribe;Masculino;Extranjero;44;8;18.18
2018;13 - Teusaquillo;Masculino;Extranjero;27;3;11.11
2018;09 - Fontibón;Masculino;Extranjero;51;6;11.76
2018;16 - Puente Aranda;Masculino;Extranjero;27;6;22.22
2018;19 - Ciudad Bolívar;Masculino;Extranjero;48;5;10.42
2018;03 - Santa Fe;Masculino;Extranjero;35;8;22.86
2018;06 - Tunjuelito;Masculino;Extranjero;31;2;6.45
2018;04 - San Cristóbal;Masculino;Extranjero;36;9;25.0
2018;05 - Usme;Masculino;Extranjero;30;2;6.67
2018;14 - Los Mártires;Masculino;Extranjero;27;0;0.0
2018;17 - La Candelaria;Masculino;Extranjero;7;1;14.29
2018;99 - Sin Información;Masculino;Extranjero;1;0;0.0
2018;00 - Bogotá;Masculino;Sin Informacion;256;41;16.02
2018;19 - Ciudad Bolívar;Masculino;Sin Informacion;52;8;15.38
2018;99 - Sin Información;Masculino;Sin Informacion;3;1;33.33
2018;10 - Engativá;Masculino;Sin Informacion;46;6;13.04
2018;02 - Chapinero;Masculino;Sin Informacion;4;0;0.0
2018;07 - Bosa;Masculino;Sin Informacion;24;3;12.5
2018;08 - Kennedy;Masculino;Sin Informacion;29;5;17.24
2018;05 - Usme;Masculino;Sin Informacion;24;4;16.67
2018;06 - Tunjuelito;Masculino;Sin Informacion;17;5;29.41
2018;18 - Rafael Uribe Uribe;Masculino;Sin Informacion;18;1;5.56
2018;03 - Santa Fe;Masculino;Sin Informacion;4;0;0.0
2018;04 - San Cristóbal;Masculino;Sin Informacion;14;1;7.14
2018;12 - Barrios Unidos;Masculino;Sin Informacion;5;0;0.0
2018;14 - Los Mártires;Masculino;Sin Informacion;3;1;33.33
2018;11 - Suba;Masculino;Sin Informacion;6;1;16.67
2018;17 - La Candelaria;Masculino;Sin Informacion;1;1;100.0
2018;01 - Usaquén;Masculino;Sin Informacion;2;2;100.0
2018;16 - Puente Aranda;Masculino;Sin Informacion;2;1;50.0
2018;15 - Antonio Nariño;Masculino;Sin Informacion;1;0;0.0
2018;09 - Fontibón;Masculino;Sin Informacion;1;1;100.0
2019;00 - Bogotá;Femenino;Colombiano;38834;5916;15.23
2019;11 - Suba;Femenino;Colombiano;5566;786;14.12
2019;19 - Ciudad Bolívar;Femenino;Colombiano;4228;666;15.75
2019;07 - Bosa;Femenino;Colombiano;4079;658;16.13
2019;09 - Fontibón;Femenino;Colombiano;1602;222;13.86
2019;10 - Engativá;Femenino;Colombiano;3536;522;14.76
2019;08 - Kennedy;Femenino;Colombiano;5414;821;15.16
2019;01 - Usaquén;Femenino;Colombiano;2358;330;13.99
2019;05 - Usme;Femenino;Colombiano;2201;335;15.22
2019;14 - Los Mártires;Femenino;Colombiano;491;60;12.22
2019;03 - Santa Fe;Femenino;Colombiano;709;110;15.51
2019;18 - Rafael Uribe Uribe;Femenino;Colombiano;2076;314;15.13
2019;04 - San Cristóbal;Femenino;Colombiano;1991;386;19.39
2019;17 - La Candelaria;Femenino;Colombiano;132;17;12.88
2019;16 - Puente Aranda;Femenino;Colombiano;1094;164;14.99
2019;15 - Antonio Nariño;Femenino;Colombiano;433;68;15.7
2019;02 - Chapinero;Femenino;Colombiano;693;110;15.87
2019;06 - Tunjuelito;Femenino;Colombiano;979;160;16.34
2019;13 - Teusaquillo;Femenino;Colombiano;581;80;13.77
2019;12 - Barrios Unidos;Femenino;Colombiano;598;94;15.72
2019;99 - Sin Información;Femenino;Colombiano;59;12;20.34
2019;20 - Sumapaz;Femenino;Colombiano;14;1;7.14
2019;00 - Bogotá;Femenino;Extranjero;2590;411;15.87
2019;04 - San Cristóbal;Femenino;Extranjero;122;18;14.75
2019;11 - Suba;Femenino;Extranjero;333;58;17.42
2019;09 - Fontibón;Femenino;Extranjero;131;23;17.56
2019;08 - Kennedy;Femenino;Extranjero;389;53;13.62
2019;12 - Barrios Unidos;Femenino;Extranjero;48;5;10.42
2019;07 - Bosa;Femenino;Extranjero;249;49;19.68
2019;18 - Rafael Uribe Uribe;Femenino;Extranjero;142;20;14.08
2019;15 - Antonio Nariño;Femenino;Extranjero;49;6;12.24
2019;06 - Tunjuelito;Femenino;Extranjero;49;9;18.37
2019;01 - Usaquén;Femenino;Extranjero;195;40;20.51
2019;03 - Santa Fe;Femenino;Extranjero;100;18;18.0
2019;10 - Engativá;Femenino;Extranjero;250;41;16.4
2019;05 - Usme;Femenino;Extranjero;78;10;12.82
2019;19 - Ciudad Bolívar;Femenino;Extranjero;133;22;16.54
2019;14 - Los Mártires;Femenino;Extranjero;112;10;8.93
2019;13 - Teusaquillo;Femenino;Extranjero;38;4;10.53
2019;02 - Chapinero;Femenino;Extranjero;86;15;17.44
2019;16 - Puente Aranda;Femenino;Extranjero;67;8;11.94
2019;17 - La Candelaria;Femenino;Extranjero;13;2;15.38
2019;99 - Sin Información;Femenino;Extranjero;6;0;0.0
2019;00 - Bogotá;Femenino;Sin Informacion;147;18;12.24
2019;99 - Sin Información;Femenino;Sin Informacion;1;0;0.0
2019;08 - Kennedy;Femenino;Sin Informacion;67;7;10.45
2019;02 - Chapinero;Femenino;Sin Informacion;2;0;0.0
2019;07 - Bosa;Femenino;Sin Informacion;34;3;8.82
2019;16 - Puente Aranda;Femenino;Sin Informacion;8;0;0.0
2019;19 - Ciudad Bolívar;Femenino;Sin Informacion;12;2;16.67
2019;10 - Engativá;Femenino;Sin Informacion;2;0;0.0
2019;05 - Usme;Femenino;Sin Informacion;4;2;50.0
2019;15 - Antonio Nariño;Femenino;Sin Informacion;4;0;0.0
2019;09 - Fontibón;Femenino;Sin Informacion;5;2;40.0
2019;04 - San Cristóbal;Femenino;Sin Informacion;1;1;100.0
2019;14 - Los Mártires;Femenino;Sin Informacion;1;0;0.0
2019;01 - Usaquén;Femenino;Sin Informacion;4;0;0.0
2019;06 - Tunjuelito;Femenino;Sin Informacion;2;1;50.0
2019;00 - Bogotá;Indeterminado;Colombiano;3;1;33.33
2019;08 - Kennedy;Indeterminado;Colombiano;2;0;0.0
2019;11 - Suba;Indeterminado;Colombiano;1;1;100.0
2019;00 - Bogotá;Indeterminado;Extranjero;1;1;100.0
2019;07 - Bosa;Indeterminado;Extranjero;1;1;100.0
2019;00 - Bogotá;Indeterminado;Sin Informacion;1;1;100.0
2019;08 - Kennedy;Indeterminado;Sin Informacion;1;1;100.0
2019;00 - Bogotá;Masculino;Colombiano;40713;5157;12.67
2019;04 - San Cristóbal;Masculino;Colombiano;2134;286;13.4
2019;18 - Rafael Uribe Uribe;Masculino;Colombiano;2201;283;12.86
2019;08 - Kennedy;Masculino;Colombiano;5570;671;12.05
2019;05 - Usme;Masculino;Colombiano;2340;322;13.76
2019;01 - Usaquén;Masculino;Colombiano;2460;302;12.28
2019;13 - Teusaquillo;Masculino;Colombiano;620;78;12.58
2019;19 - Ciudad Bolívar;Masculino;Colombiano;4480;632;14.11
2019;07 - Bosa;Masculino;Colombiano;4325;547;12.65
2019;06 - Tunjuelito;Masculino;Colombiano;1104;168;15.22
2019;11 - Suba;Masculino;Colombiano;5706;702;12.3
2019;10 - Engativá;Masculino;Colombiano;3666;421;11.48
2019;99 - Sin Información;Masculino;Colombiano;52;12;23.08
2019;16 - Puente Aranda;Masculino;Colombiano;1166;125;10.72
2019;12 - Barrios Unidos;Masculino;Colombiano;574;72;12.54
2019;15 - Antonio Nariño;Masculino;Colombiano;433;57;13.16
2019;09 - Fontibón;Masculino;Colombiano;1667;190;11.4
2019;02 - Chapinero;Masculino;Colombiano;707;86;12.16
2019;14 - Los Mártires;Masculino;Colombiano;594;84;14.14
2019;03 - Santa Fe;Masculino;Colombiano;781;107;13.7
2019;20 - Sumapaz;Masculino;Colombiano;13;2;15.38
2019;17 - La Candelaria;Masculino;Colombiano;120;10;8.33
2019;00 - Bogotá;Masculino;Extranjero;2651;348;13.13
2019;08 - Kennedy;Masculino;Extranjero;378;49;12.96
2019;10 - Engativá;Masculino;Extranjero;244;34;13.93
2019;11 - Suba;Masculino;Extranjero;367;58;15.8
2019;02 - Chapinero;Masculino;Extranjero;125;11;8.8
2019;19 - Ciudad Bolívar;Masculino;Extranjero;155;22;14.19
2019;09 - Fontibón;Masculino;Extranjero;133;10;7.52
2019;05 - Usme;Masculino;Extranjero;81;11;13.58
2019;18 - Rafael Uribe Uribe;Masculino;Extranjero;158;19;12.03
2019;15 - Antonio Nariño;Masculino;Extranjero;30;5;16.67
2019;14 - Los Mártires;Masculino;Extranjero;107;18;16.82
2019;07 - Bosa;Masculino;Extranjero;237;31;13.08
2019;04 - San Cristóbal;Masculino;Extranjero;93;13;13.98
2019;01 - Usaquén;Masculino;Extranjero;211;27;12.8
2019;03 - Santa Fe;Masculino;Extranjero;94;17;18.09
2019;13 - Teusaquillo;Masculino;Extranjero;43;5;11.63
2019;06 - Tunjuelito;Masculino;Extranjero;59;6;10.17
2019;12 - Barrios Unidos;Masculino;Extranjero;47;6;12.77
2019;16 - Puente Aranda;Masculino;Extranjero;66;5;7.58
2019;17 - La Candelaria;Masculino;Extranjero;16;1;6.25
2019;99 - Sin Información;Masculino;Extranjero;7;0;0.0
2019;00 - Bogotá;Masculino;Sin Informacion;135;12;8.89
2019;07 - Bosa;Masculino;Sin Informacion;28;2;7.14
2019;09 - Fontibón;Masculino;Sin Informacion;8;0;0.0
2019;16 - Puente Aranda;Masculino;Sin Informacion;9;0;0.0
2019;19 - Ciudad Bolívar;Masculino;Sin Informacion;8;0;0.0
2019;06 - Tunjuelito;Masculino;Sin Informacion;3;1;33.33
2019;18 - Rafael Uribe Uribe;Masculino;Sin Informacion;1;0;0.0
2019;08 - Kennedy;Masculino;Sin Informacion;62;5;8.06
2019;12 - Barrios Unidos;Masculino;Sin Informacion;3;0;0.0
2019;05 - Usme;Masculino;Sin Informacion;2;1;50.0
2019;13 - Teusaquillo;Masculino;Sin Informacion;1;0;0.0
2019;15 - Antonio Nariño;Masculino;Sin Informacion;2;1;50.0
2019;10 - Engativá;Masculino;Sin Informacion;1;0;0.0
2019;11 - Suba;Masculino;Sin Informacion;1;0;0.0
2019;14 - Los Mártires;Masculino;Sin Informacion;3;1;33.33
2019;99 - Sin Información;Masculino;Sin Informacion;2;1;50.0
2019;03 - Santa Fe;Masculino;Sin Informacion;1;0;0.0
2020;00 - Bogotá;Femenino;Colombiano;32967;4848;14.71
2020;11 - Suba;Femenino;Colombiano;4817;679;14.1
2020;08 - Kennedy;Femenino;Colombiano;4444;622;14.0
2020;19 - Ciudad Bolívar;Femenino;Colombiano;3577;560;15.66
2020;12 - Barrios Unidos;Femenino;Colombiano;525;87;16.57
2020;01 - Usaquén;Femenino;Colombiano;1891;259;13.7
2020;02 - Chapinero;Femenino;Colombiano;565;83;14.69
2020;14 - Los Mártires;Femenino;Colombiano;359;49;13.65
2020;07 - Bosa;Femenino;Colombiano;3627;509;14.03
2020;18 - Rafael Uribe Uribe;Femenino;Colombiano;1818;295;16.23
2020;04 - San Cristóbal;Femenino;Colombiano;1817;318;17.5
2020;10 - Engativá;Femenino;Colombiano;2908;415;14.27
2020;13 - Teusaquillo;Femenino;Colombiano;471;62;13.16
2020;05 - Usme;Femenino;Colombiano;1886;319;16.91
2020;16 - Puente Aranda;Femenino;Colombiano;984;145;14.74
2020;09 - Fontibón;Femenino;Colombiano;1402;187;13.34
2020;06 - Tunjuelito;Femenino;Colombiano;778;105;13.5
2020;99 - Sin Información;Femenino;Colombiano;45;3;6.67
2020;03 - Santa Fe;Femenino;Colombiano;526;76;14.45
2020;17 - La Candelaria;Femenino;Colombiano;90;12;13.33
2020;15 - Antonio Nariño;Femenino;Colombiano;417;61;14.63
2020;20 - Sumapaz;Femenino;Colombiano;20;2;10.0
2020;00 - Bogotá;Femenino;Extranjero;5931;961;16.2
2020;18 - Rafael Uribe Uribe;Femenino;Extranjero;365;54;14.79
2020;05 - Usme;Femenino;Extranjero;276;54;19.57
2020;11 - Suba;Femenino;Extranjero;719;109;15.16
2020;01 - Usaquén;Femenino;Extranjero;324;57;17.59
2020;02 - Chapinero;Femenino;Extranjero;128;19;14.84
2020;08 - Kennedy;Femenino;Extranjero;928;145;15.63
2020;06 - Tunjuelito;Femenino;Extranjero;179;35;19.55
2020;10 - Engativá;Femenino;Extranjero;477;69;14.47
2020;03 - Santa Fe;Femenino;Extranjero;213;36;16.9
2020;07 - Bosa;Femenino;Extranjero;557;81;14.54
2020;19 - Ciudad Bolívar;Femenino;Extranjero;669;122;18.24
2020;09 - Fontibón;Femenino;Extranjero;187;33;17.65
2020;13 - Teusaquillo;Femenino;Extranjero;54;5;9.26
2020;12 - Barrios Unidos;Femenino;Extranjero;96;19;19.79
2020;04 - San Cristóbal;Femenino;Extranjero;268;43;16.04
2020;14 - Los Mártires;Femenino;Extranjero;232;38;16.38
2020;16 - Puente Aranda;Femenino;Extranjero;132;25;18.94
2020;15 - Antonio Nariño;Femenino;Extranjero;100;10;10.0
2020;17 - La Candelaria;Femenino;Extranjero;19;3;15.79
2020;99 - Sin Información;Femenino;Extranjero;6;3;50.0
2020;20 - Sumapaz;Femenino;Extranjero;2;1;50.0
2020;00 - Bogotá;Femenino;Sin Informacion;18;1;5.56
2020;08 - Kennedy;Femenino;Sin Informacion;8;0;0.0
2020;19 - Ciudad Bolívar;Femenino;Sin Informacion;3;1;33.33
2020;07 - Bosa;Femenino;Sin Informacion;3;0;0.0
2020;04 - San Cristóbal;Femenino;Sin Informacion;1;0;0.0
2020;03 - Santa Fe;Femenino;Sin Informacion;1;0;0.0
2020;99 - Sin Información;Femenino;Sin Informacion;1;0;0.0
2020;01 - Usaquén;Femenino;Sin Informacion;1;0;0.0
2020;00 - Bogotá;Indeterminado;Colombiano;6;2;33.33
2020;19 - Ciudad Bolívar;Indeterminado;Colombiano;1;0;0.0
2020;04 - San Cristóbal;Indeterminado;Colombiano;2;2;100.0
2020;02 - Chapinero;Indeterminado;Colombiano;2;0;0.0
2020;10 - Engativá;Indeterminado;Colombiano;1;0;0.0
2020;00 - Bogotá;Masculino;Colombiano;34073;4072;11.95
2020;08 - Kennedy;Masculino;Colombiano;4564;542;11.88
2020;01 - Usaquén;Masculino;Colombiano;2011;234;11.64
2020;04 - San Cristóbal;Masculino;Colombiano;1782;253;14.2
2020;09 - Fontibón;Masculino;Colombiano;1350;176;13.04
2020;19 - Ciudad Bolívar;Masculino;Colombiano;3784;447;11.81
2020;11 - Suba;Masculino;Colombiano;4967;611;12.3
2020;18 - Rafael Uribe Uribe;Masculino;Colombiano;1845;214;11.6
2020;07 - Bosa;Masculino;Colombiano;3637;402;11.05
2020;05 - Usme;Masculino;Colombiano;1951;254;13.02
2020;10 - Engativá;Masculino;Colombiano;3172;334;10.53
2020;15 - Antonio Nariño;Masculino;Colombiano;370;43;11.62
2020;06 - Tunjuelito;Masculino;Colombiano;874;119;13.62
2020;02 - Chapinero;Masculino;Colombiano;611;81;13.26
2020;14 - Los Mártires;Masculino;Colombiano;367;42;11.44
2020;12 - Barrios Unidos;Masculino;Colombiano;562;56;9.96
2020;16 - Puente Aranda;Masculino;Colombiano;1000;120;12.0
2020;13 - Teusaquillo;Masculino;Colombiano;510;48;9.41
2020;17 - La Candelaria;Masculino;Colombiano;96;14;14.58
2020;03 - Santa Fe;Masculino;Colombiano;548;75;13.69
2020;20 - Sumapaz;Masculino;Colombiano;20;3;15.0
2020;99 - Sin Información;Masculino;Colombiano;52;4;7.69
2020;00 - Bogotá;Masculino;Extranjero;6303;845;13.41
2020;09 - Fontibón;Masculino;Extranjero;177;21;11.86
2020;19 - Ciudad Bolívar;Masculino;Extranjero;696;98;14.08
2020;03 - Santa Fe;Masculino;Extranjero;223;22;9.87
2020;08 - Kennedy;Masculino;Extranjero;964;135;14.0
2020;14 - Los Mártires;Masculino;Extranjero;248;30;12.1
2020;06 - Tunjuelito;Masculino;Extranjero;217;27;12.44
2020;04 - San Cristóbal;Masculino;Extranjero;285;48;16.84
2020;11 - Suba;Masculino;Extranjero;745;103;13.83
2020;07 - Bosa;Masculino;Extranjero;679;88;12.96
2020;18 - Rafael Uribe Uribe;Masculino;Extranjero;408;48;11.76
2020;05 - Usme;Masculino;Extranjero;301;45;14.95
2020;10 - Engativá;Masculino;Extranjero;477;66;13.84
2020;12 - Barrios Unidos;Masculino;Extranjero;93;15;16.13
2020;02 - Chapinero;Masculino;Extranjero;116;11;9.48
2020;16 - Puente Aranda;Masculino;Extranjero;131;17;12.98
2020;15 - Antonio Nariño;Masculino;Extranjero;108;10;9.26
2020;01 - Usaquén;Masculino;Extranjero;337;46;13.65
2020;17 - La Candelaria;Masculino;Extranjero;31;6;19.35
2020;13 - Teusaquillo;Masculino;Extranjero;58;8;13.79
2020;99 - Sin Información;Masculino;Extranjero;9;1;11.11
2020;00 - Bogotá;Masculino;Sin Informacion;24;2;8.33
2020;07 - Bosa;Masculino;Sin Informacion;5;1;20.0
2020;99 - Sin Información;Masculino;Sin Informacion;3;0;0.0
2020;08 - Kennedy;Masculino;Sin Informacion;8;1;12.5
2020;05 - Usme;Masculino;Sin Informacion;3;0;0.0
2020;04 - San Cristóbal;Masculino;Sin Informacion;1;0;0.0
2020;10 - Engativá;Masculino;Sin Informacion;1;0;0.0
2020;14 - Los Mártires;Masculino;Sin Informacion;1;0;0.0
2020;19 - Ciudad Bolívar;Masculino;Sin Informacion;1;0;0.0
2020;09 - Fontibón;Masculino;Sin Informacion;1;0;0.0
2021;00 - Bogotá;Femenino;Colombiano;32028;5305;16.56
2021;19 - Ciudad Bolívar;Femenino;Colombiano;3657;614;16.79
2021;04 - San Cristóbal;Femenino;Colombiano;1768;340;19.23
2021;07 - Bosa;Femenino;Colombiano;3402;566;16.64
2021;05 - Usme;Femenino;Colombiano;1870;334;17.86
2021;08 - Kennedy;Femenino;Colombiano;4383;726;16.56
2021;01 - Usaquén;Femenino;Colombiano;1993;301;15.1
2021;11 - Suba;Femenino;Colombiano;4524;747;16.51
2021;10 - Engativá;Femenino;Colombiano;2568;409;15.93
2021;14 - Los Mártires;Femenino;Colombiano;525;91;17.33
2021;09 - Fontibón;Femenino;Colombiano;1310;192;14.66
2021;03 - Santa Fe;Femenino;Colombiano;600;92;15.33
2021;02 - Chapinero;Femenino;Colombiano;562;95;16.9
2021;16 - Puente Aranda;Femenino;Colombiano;922;148;16.05
2021;18 - Rafael Uribe Uribe;Femenino;Colombiano;1758;313;17.8
2021;13 - Teusaquillo;Femenino;Colombiano;380;61;16.05
2021;06 - Tunjuelito;Femenino;Colombiano;827;125;15.11
2021;20 - Sumapaz;Femenino;Colombiano;18;5;27.78
2021;12 - Barrios Unidos;Femenino;Colombiano;462;64;13.85
2021;17 - La Candelaria;Femenino;Colombiano;83;15;18.07
2021;15 - Antonio Nariño;Femenino;Colombiano;360;58;16.11
2021;99 - Sin Información;Femenino;Colombiano;56;9;16.07
2021;00 - Bogotá;Femenino;Extranjero;827;130;15.72
2021;16 - Puente Aranda;Femenino;Extranjero;21;4;19.05
2021;08 - Kennedy;Femenino;Extranjero;95;14;14.74
2021;10 - Engativá;Femenino;Extranjero;105;10;9.52
2021;18 - Rafael Uribe Uribe;Femenino;Extranjero;34;7;20.59
2021;07 - Bosa;Femenino;Extranjero;47;3;6.38
2021;11 - Suba;Femenino;Extranjero;136;29;21.32
2021;13 - Teusaquillo;Femenino;Extranjero;11;1;9.09
2021;19 - Ciudad Bolívar;Femenino;Extranjero;47;8;17.02
2021;99 - Sin Información;Femenino;Extranjero;2;1;50.0
2021;04 - San Cristóbal;Femenino;Extranjero;26;5;19.23
2021;01 - Usaquén;Femenino;Extranjero;100;15;15.0
2021;12 - Barrios Unidos;Femenino;Extranjero;19;3;15.79
2021;15 - Antonio Nariño;Femenino;Extranjero;10;3;30.0
2021;09 - Fontibón;Femenino;Extranjero;25;2;8.0
2021;06 - Tunjuelito;Femenino;Extranjero;25;0;0.0
2021;05 - Usme;Femenino;Extranjero;29;6;20.69
2021;03 - Santa Fe;Femenino;Extranjero;15;4;26.67
2021;02 - Chapinero;Femenino;Extranjero;61;13;21.31
2021;14 - Los Mártires;Femenino;Extranjero;17;2;11.76
2021;17 - La Candelaria;Femenino;Extranjero;2;0;0.0
2021;00 - Bogotá;Femenino;Sin Informacion;12;1;8.33
2021;08 - Kennedy;Femenino;Sin Informacion;4;0;0.0
2021;02 - Chapinero;Femenino;Sin Informacion;6;1;16.67
2021;16 - Puente Aranda;Femenino;Sin Informacion;1;0;0.0
2021;05 - Usme;Femenino;Sin Informacion;1;0;0.0
2021;00 - Bogotá;Indeterminado;Colombiano;4;3;75.0
2021;08 - Kennedy;Indeterminado;Colombiano;2;2;100.0
2021;10 - Engativá;Indeterminado;Colombiano;1;0;0.0
2021;07 - Bosa;Indeterminado;Colombiano;1;1;100.0
2021;00 - Bogotá;Indeterminado;Sin Informacion;1;0;0.0
2021;99 - Sin Información;Indeterminado;Sin Informacion;1;0;0.0
2021;00 - Bogotá;Masculino;Colombiano;33229;4400;13.24
2021;19 - Ciudad Bolívar;Masculino;Colombiano;3856;508;13.17
2021;07 - Bosa;Masculino;Colombiano;3569;485;13.59
2021;09 - Fontibón;Masculino;Colombiano;1326;162;12.22
2021;08 - Kennedy;Masculino;Colombiano;4606;586;12.72
2021;15 - Antonio Nariño;Masculino;Colombiano;408;73;17.89
2021;13 - Teusaquillo;Masculino;Colombiano;412;36;8.74
2021;18 - Rafael Uribe Uribe;Masculino;Colombiano;1794;243;13.55
2021;10 - Engativá;Masculino;Colombiano;2839;348;12.26
2021;05 - Usme;Masculino;Colombiano;1892;279;14.75
2021;11 - Suba;Masculino;Colombiano;4751;614;12.92
2021;04 - San Cristóbal;Masculino;Colombiano;1768;274;15.5
2021;06 - Tunjuelito;Masculino;Colombiano;860;109;12.67
2021;16 - Puente Aranda;Masculino;Colombiano;935;131;14.01
2021;03 - Santa Fe;Masculino;Colombiano;611;91;14.89
2021;02 - Chapinero;Masculino;Colombiano;564;78;13.83
2021;01 - Usaquén;Masculino;Colombiano;1939;238;12.27
2021;12 - Barrios Unidos;Masculino;Colombiano;465;66;14.19
2021;14 - Los Mártires;Masculino;Colombiano;483;62;12.84
2021;17 - La Candelaria;Masculino;Colombiano;91;10;10.99
2021;99 - Sin Información;Masculino;Colombiano;43;5;11.63
2021;20 - Sumapaz;Masculino;Colombiano;17;2;11.76
2021;00 - Bogotá;Masculino;Extranjero;877;136;15.51
2021;16 - Puente Aranda;Masculino;Extranjero;27;5;18.52
2021;11 - Suba;Masculino;Extranjero;136;23;16.91
2021;01 - Usaquén;Masculino;Extranjero;112;19;16.96
2021;07 - Bosa;Masculino;Extranjero;58;8;13.79
2021;15 - Antonio Nariño;Masculino;Extranjero;14;2;14.29
2021;08 - Kennedy;Masculino;Extranjero;95;21;22.11
2021;02 - Chapinero;Masculino;Extranjero;65;7;10.77
2021;14 - Los Mártires;Masculino;Extranjero;14;1;7.14
2021;09 - Fontibón;Masculino;Extranjero;33;6;18.18
2021;10 - Engativá;Masculino;Extranjero;106;12;11.32
2021;18 - Rafael Uribe Uribe;Masculino;Extranjero;34;6;17.65
2021;03 - Santa Fe;Masculino;Extranjero;17;1;5.88
2021;04 - San Cristóbal;Masculino;Extranjero;26;6;23.08
2021;19 - Ciudad Bolívar;Masculino;Extranjero;62;10;16.13
2021;05 - Usme;Masculino;Extranjero;18;2;11.11
2021;13 - Teusaquillo;Masculino;Extranjero;16;1;6.25
2021;06 - Tunjuelito;Masculino;Extranjero;15;1;6.67
2021;12 - Barrios Unidos;Masculino;Extranjero;26;5;19.23
2021;17 - La Candelaria;Masculino;Extranjero;3;0;0.0
2021;00 - Bogotá;Masculino;Sin Informacion;10;0;0.0
2021;18 - Rafael Uribe Uribe;Masculino;Sin Informacion;1;0;0.0
2021;02 - Chapinero;Masculino;Sin Informacion;3;0;0.0
2021;03 - Santa Fe;Masculino;Sin Informacion;1;0;0.0
2021;08 - Kennedy;Masculino;Sin Informacion;2;0;0.0
2021;01 - Usaquén;Masculino;Sin Informacion;2;0;0.0
2021;04 - San Cristóbal;Masculino;Sin Informacion;1;0;0.0
2022;00 - Bogotá;Femenino;Colombiano;30785;5150;16.73
2022;11 - Suba;Femenino;Colombiano;4527;717;15.84
2022;10 - Engativá;Femenino;Colombiano;2726;419;15.37
2022;03 - Santa Fe;Femenino;Colombiano;548;99;18.07
2022;04 - San Cristóbal;Femenino;Colombiano;1606;326;20.3
2022;05 - Usme;Femenino;Colombiano;1714;320;18.67
2022;08 - Kennedy;Femenino;Colombiano;4246;664;15.64
2022;19 - Ciudad Bolívar;Femenino;Colombiano;3322;633;19.05
2022;07 - Bosa;Femenino;Colombiano;3188;528;16.56
2022;01 - Usaquén;Femenino;Colombiano;1983;318;16.04
2022;13 - Teusaquillo;Femenino;Colombiano;446;63;14.13
2022;12 - Barrios Unidos;Femenino;Colombiano;450;66;14.67
2022;09 - Fontibón;Femenino;Colombiano;1277;196;15.35
2022;06 - Tunjuelito;Femenino;Colombiano;760;124;16.32
2022;14 - Los Mártires;Femenino;Colombiano;451;72;15.96
2022;18 - Rafael Uribe Uribe;Femenino;Colombiano;1660;295;17.77
2022;17 - La Candelaria;Femenino;Colombiano;98;22;22.45
2022;16 - Puente Aranda;Femenino;Colombiano;878;149;16.97
2022;02 - Chapinero;Femenino;Colombiano;510;76;14.9
2022;15 - Antonio Nariño;Femenino;Colombiano;363;57;15.7
2022;99 - Sin Información;Femenino;Colombiano;24;5;20.83
2022;20 - Sumapaz;Femenino;Colombiano;8;1;12.5
2022;00 - Bogotá;Femenino;Extranjero;501;89;17.76
2022;08 - Kennedy;Femenino;Extranjero;60;15;25.0
2022;10 - Engativá;Femenino;Extranjero;52;7;13.46
2022;11 - Suba;Femenino;Extranjero;63;11;17.46
2022;07 - Bosa;Femenino;Extranjero;31;5;16.13
2022;19 - Ciudad Bolívar;Femenino;Extranjero;23;6;26.09
2022;02 - Chapinero;Femenino;Extranjero;56;7;12.5
2022;01 - Usaquén;Femenino;Extranjero;86;9;10.47
2022;16 - Puente Aranda;Femenino;Extranjero;18;5;27.78
2022;04 - San Cristóbal;Femenino;Extranjero;9;1;11.11
2022;12 - Barrios Unidos;Femenino;Extranjero;15;3;20.0
2022;05 - Usme;Femenino;Extranjero;12;3;25.0
2022;06 - Tunjuelito;Femenino;Extranjero;11;4;36.36
2022;14 - Los Mártires;Femenino;Extranjero;5;1;20.0
2022;13 - Teusaquillo;Femenino;Extranjero;14;2;14.29
2022;18 - Rafael Uribe Uribe;Femenino;Extranjero;15;3;20.0
2022;99 - Sin Información;Femenino;Extranjero;1;0;0.0
2022;15 - Antonio Nariño;Femenino;Extranjero;6;1;16.67
2022;03 - Santa Fe;Femenino;Extranjero;4;1;25.0
2022;09 - Fontibón;Femenino;Extranjero;18;5;27.78
2022;17 - La Candelaria;Femenino;Extranjero;2;0;0.0
2022;00 - Bogotá;Femenino;Sin Informacion;382;85;22.25
2022;12 - Barrios Unidos;Femenino;Sin Informacion;12;2;16.67
2022;10 - Engativá;Femenino;Sin Informacion;49;9;18.37
2022;07 - Bosa;Femenino;Sin Informacion;38;5;13.16
2022;08 - Kennedy;Femenino;Sin Informacion;71;15;21.13
2022;05 - Usme;Femenino;Sin Informacion;22;5;22.73
2022;19 - Ciudad Bolívar;Femenino;Sin Informacion;39;10;25.64
2022;11 - Suba;Femenino;Sin Informacion;39;12;30.77
2022;06 - Tunjuelito;Femenino;Sin Informacion;12;2;16.67
2022;18 - Rafael Uribe Uribe;Femenino;Sin Informacion;15;5;33.33
2022;13 - Teusaquillo;Femenino;Sin Informacion;7;2;28.57
2022;09 - Fontibón;Femenino;Sin Informacion;24;6;25.0
2022;16 - Puente Aranda;Femenino;Sin Informacion;14;3;21.43
2022;01 - Usaquén;Femenino;Sin Informacion;15;5;33.33
2022;15 - Antonio Nariño;Femenino;Sin Informacion;3;1;33.33
2022;03 - Santa Fe;Femenino;Sin Informacion;6;0;0.0
2022;02 - Chapinero;Femenino;Sin Informacion;15;3;20.0
2022;04 - San Cristóbal;Femenino;Sin Informacion;1;0;0.0
2022;00 - Bogotá;Indeterminado;Colombiano;3;1;33.33
2022;07 - Bosa;Indeterminado;Colombiano;1;0;0.0
2022;16 - Puente Aranda;Indeterminado;Colombiano;1;0;0.0
2022;05 - Usme;Indeterminado;Colombiano;1;1;100.0
2022;00 - Bogotá;Masculino;Colombiano;32121;4407;13.72
2022;08 - Kennedy;Masculino;Colombiano;4489;563;12.54
2022;07 - Bosa;Masculino;Colombiano;3356;424;12.63
2022;14 - Los Mártires;Masculino;Colombiano;459;57;12.42
2022;15 - Antonio Nariño;Masculino;Colombiano;359;43;11.98
2022;11 - Suba;Masculino;Colombiano;4738;654;13.8
2022;05 - Usme;Masculino;Colombiano;1782;257;14.42
2022;10 - Engativá;Masculino;Colombiano;2781;338;12.15
2022;01 - Usaquén;Masculino;Colombiano;1982;261;13.17
2022;18 - Rafael Uribe Uribe;Masculino;Colombiano;1782;283;15.88
2022;16 - Puente Aranda;Masculino;Colombiano;876;110;12.56
2022;19 - Ciudad Bolívar;Masculino;Colombiano;3498;549;15.69
2022;02 - Chapinero;Masculino;Colombiano;550;72;13.09
2022;09 - Fontibón;Masculino;Colombiano;1367;183;13.39
2022;04 - San Cristóbal;Masculino;Colombiano;1642;275;16.75
2022;12 - Barrios Unidos;Masculino;Colombiano;510;72;14.12
2022;06 - Tunjuelito;Masculino;Colombiano;773;107;13.84
2022;03 - Santa Fe;Masculino;Colombiano;579;81;13.99
2022;17 - La Candelaria;Masculino;Colombiano;92;10;10.87
2022;99 - Sin Información;Masculino;Colombiano;23;4;17.39
2022;13 - Teusaquillo;Masculino;Colombiano;468;63;13.46
2022;20 - Sumapaz;Masculino;Colombiano;15;1;6.67
2022;00 - Bogotá;Masculino;Extranjero;530;68;12.83
2022;08 - Kennedy;Masculino;Extranjero;67;11;16.42
2022;02 - Chapinero;Masculino;Extranjero;52;4;7.69
2022;10 - Engativá;Masculino;Extranjero;53;10;18.87
2022;07 - Bosa;Masculino;Extranjero;38;6;15.79
2022;01 - Usaquén;Masculino;Extranjero;97;18;18.56
2022;16 - Puente Aranda;Masculino;Extranjero;8;0;0.0
2022;04 - San Cristóbal;Masculino;Extranjero;11;0;0.0
2022;11 - Suba;Masculino;Extranjero;69;5;7.25
2022;09 - Fontibón;Masculino;Extranjero;22;1;4.55
2022;19 - Ciudad Bolívar;Masculino;Extranjero;29;4;13.79
2022;12 - Barrios Unidos;Masculino;Extranjero;10;0;0.0
2022;06 - Tunjuelito;Masculino;Extranjero;6;0;0.0
2022;05 - Usme;Masculino;Extranjero;12;3;25.0
2022;14 - Los Mártires;Masculino;Extranjero;13;0;0.0
2022;13 - Teusaquillo;Masculino;Extranjero;15;3;20.0
2022;18 - Rafael Uribe Uribe;Masculino;Extranjero;12;2;16.67
2022;17 - La Candelaria;Masculino;Extranjero;3;0;0.0
2022;03 - Santa Fe;Masculino;Extranjero;6;1;16.67
2022;99 - Sin Información;Masculino;Extranjero;1;0;0.0
2022;15 - Antonio Nariño;Masculino;Extranjero;6;0;0.0
2022;00 - Bogotá;Masculino;Sin Informacion;443;58;13.09
2022;09 - Fontibón;Masculino;Sin Informacion;25;2;8.0
2022;18 - Rafael Uribe Uribe;Masculino;Sin Informacion;15;4;26.67
2022;08 - Kennedy;Masculino;Sin Informacion;81;12;14.81
2022;19 - Ciudad Bolívar;Masculino;Sin Informacion;32;4;12.5
2022;05 - Usme;Masculino;Sin Informacion;14;0;0.0
2022;10 - Engativá;Masculino;Sin Informacion;65;8;12.31
2022;11 - Suba;Masculino;Sin Informacion;59;9;15.25
2022;07 - Bosa;Masculino;Sin Informacion;38;8;21.05
2022;16 - Puente Aranda;Masculino;Sin Informacion;17;1;5.88
2022;02 - Chapinero;Masculino;Sin Informacion;18;3;16.67
2022;01 - Usaquén;Masculino;Sin Informacion;31;1;3.23
2022;15 - Antonio Nariño;Masculino;Sin Informacion;6;1;16.67
2022;06 - Tunjuelito;Masculino;Sin Informacion;13;1;7.69
2022;12 - Barrios Unidos;Masculino;Sin Informacion;11;0;0.0
2022;13 - Teusaquillo;Masculino;Sin Informacion;3;2;66.67
2022;04 - San Cristóbal;Masculino;Sin Informacion;7;0;0.0
2022;14 - Los Mártires;Masculino;Sin Informacion;4;0;0.0
2022;03 - Santa Fe;Masculino;Sin Informacion;2;1;50.0
2022;99 - Sin Información;Masculino;Sin Informacion;1;0;0.0
2022;17 - La Candelaria;Masculino;Sin Informacion;1;1;100.0
2023;00 - Bogotá;Femenino;Colombiano;28560;5059;17.71
2023;11 - Suba;Femenino;Colombiano;4297;706;16.43
2023;18 - Rafael Uribe Uribe;Femenino;Colombiano;1568;266;16.96
2023;19 - Ciudad Bolívar;Femenino;Colombiano;2987;598;20.02
2023;07 - Bosa;Femenino;Colombiano;2908;499;17.16
2023;14 - Los Mártires;Femenino;Colombiano;431;86;19.95
2023;02 - Chapinero;Femenino;Colombiano;526;93;17.68
2023;10 - Engativá;Femenino;Colombiano;2716;470;17.3
2023;08 - Kennedy;Femenino;Colombiano;3862;681;17.63
2023;16 - Puente Aranda;Femenino;Colombiano;787;139;17.66
2023;01 - Usaquén;Femenino;Colombiano;1835;291;15.86
2023;05 - Usme;Femenino;Colombiano;1552;320;20.62
2023;03 - Santa Fe;Femenino;Colombiano;519;85;16.38
2023;06 - Tunjuelito;Femenino;Colombiano;653;117;17.92
2023;09 - Fontibón;Femenino;Colombiano;1226;194;15.82
2023;13 - Teusaquillo;Femenino;Colombiano;404;58;14.36
2023;04 - San Cristóbal;Femenino;Colombiano;1389;292;21.02
2023;17 - La Candelaria;Femenino;Colombiano;81;14;17.28
2023;20 - Sumapaz;Femenino;Colombiano;27;9;33.33
2023;15 - Antonio Nariño;Femenino;Colombiano;346;51;14.74
2023;12 - Barrios Unidos;Femenino;Colombiano;437;88;20.14
2023;99 - Sin Información;Femenino;Colombiano;9;2;22.22
2023;00 - Bogotá;Femenino;Extranjero;290;40;13.79
2023;16 - Puente Aranda;Femenino;Extranjero;4;0;0.0
2023;07 - Bosa;Femenino;Extranjero;7;1;14.29
2023;01 - Usaquén;Femenino;Extranjero;64;10;15.63
2023;12 - Barrios Unidos;Femenino;Extranjero;7;0;0.0
2023;11 - Suba;Femenino;Extranjero;53;7;13.21
2023;02 - Chapinero;Femenino;Extranjero;42;11;26.19
2023;08 - Kennedy;Femenino;Extranjero;35;4;11.43
2023;10 - Engativá;Femenino;Extranjero;10;1;10.0
2023;14 - Los Mártires;Femenino;Extranjero;5;0;0.0
2023;18 - Rafael Uribe Uribe;Femenino;Extranjero;4;0;0.0
2023;13 - Teusaquillo;Femenino;Extranjero;9;1;11.11
2023;06 - Tunjuelito;Femenino;Extranjero;2;1;50.0
2023;03 - Santa Fe;Femenino;Extranjero;5;1;20.0
2023;19 - Ciudad Bolívar;Femenino;Extranjero;10;2;20.0
2023;05 - Usme;Femenino;Extranjero;5;0;0.0
2023;09 - Fontibón;Femenino;Extranjero;17;1;5.88
2023;04 - San Cristóbal;Femenino;Extranjero;4;0;0.0
2023;15 - Antonio Nariño;Femenino;Extranjero;3;0;0.0
2023;17 - La Candelaria;Femenino;Extranjero;4;0;0.0
2023;00 - Bogotá;Femenino;Sin Informacion;683;128;18.74
2023;10 - Engativá;Femenino;Sin Informacion;86;17;19.77
2023;19 - Ciudad Bolívar;Femenino;Sin Informacion;52;9;17.31
2023;18 - Rafael Uribe Uribe;Femenino;Sin Informacion;30;1;3.33
2023;04 - San Cristóbal;Femenino;Sin Informacion;17;2;11.76
2023;08 - Kennedy;Femenino;Sin Informacion;173;41;23.7
2023;01 - Usaquén;Femenino;Sin Informacion;46;11;23.91
2023;11 - Suba;Femenino;Sin Informacion;65;13;20.0
2023;02 - Chapinero;Femenino;Sin Informacion;13;3;23.08
2023;07 - Bosa;Femenino;Sin Informacion;64;10;15.63
2023;13 - Teusaquillo;Femenino;Sin Informacion;13;2;15.38
2023;16 - Puente Aranda;Femenino;Sin Informacion;22;5;22.73
2023;09 - Fontibón;Femenino;Sin Informacion;38;7;18.42
2023;05 - Usme;Femenino;Sin Informacion;18;3;16.67
2023;06 - Tunjuelito;Femenino;Sin Informacion;17;1;5.88
2023;14 - Los Mártires;Femenino;Sin Informacion;3;2;66.67
2023;15 - Antonio Nariño;Femenino;Sin Informacion;5;0;0.0
2023;03 - Santa Fe;Femenino;Sin Informacion;6;1;16.67
2023;17 - La Candelaria;Femenino;Sin Informacion;2;0;0.0
2023;12 - Barrios Unidos;Femenino;Sin Informacion;13;0;0.0
2023;00 - Bogotá;Indeterminado;Colombiano;3;2;66.67
2023;08 - Kennedy;Indeterminado;Colombiano;1;1;100.0
2023;12 - Barrios Unidos;Indeterminado;Colombiano;1;1;100.0
2023;19 - Ciudad Bolívar;Indeterminado;Colombiano;1;0;0.0
2023;00 - Bogotá;Masculino;Colombiano;30334;4408;14.53
2023;04 - San Cristóbal;Masculino;Colombiano;1483;242;16.32
2023;14 - Los Mártires;Masculino;Colombiano;470;79;16.81
2023;08 - Kennedy;Masculino;Colombiano;4088;572;13.99
2023;19 - Ciudad Bolívar;Masculino;Colombiano;3262;526;16.13
2023;01 - Usaquén;Masculino;Colombiano;1905;242;12.7
2023;15 - Antonio Nariño;Masculino;Colombiano;349;49;14.04
2023;11 - Suba;Masculino;Colombiano;4597;677;14.73
2023;09 - Fontibón;Masculino;Colombiano;1310;184;14.05
2023;03 - Santa Fe;Masculino;Colombiano;535;94;17.57
2023;10 - Engativá;Masculino;Colombiano;2831;380;13.42
2023;06 - Tunjuelito;Masculino;Colombiano;734;114;15.53
2023;07 - Bosa;Masculino;Colombiano;3085;462;14.98
2023;05 - Usme;Masculino;Colombiano;1639;263;16.05
2023;12 - Barrios Unidos;Masculino;Colombiano;441;60;13.61
2023;16 - Puente Aranda;Masculino;Colombiano;901;113;12.54
2023;18 - Rafael Uribe Uribe;Masculino;Colombiano;1611;213;13.22
2023;17 - La Candelaria;Masculino;Colombiano;76;9;11.84
2023;13 - Teusaquillo;Masculino;Colombiano;444;59;13.29
2023;02 - Chapinero;Masculino;Colombiano;551;66;11.98
2023;20 - Sumapaz;Masculino;Colombiano;18;3;16.67
2023;99 - Sin Información;Masculino;Colombiano;4;1;25.0
2023;00 - Bogotá;Masculino;Extranjero;275;37;13.45
2023;11 - Suba;Masculino;Extranjero;44;9;20.45
2023;09 - Fontibón;Masculino;Extranjero;13;1;7.69
2023;01 - Usaquén;Masculino;Extranjero;61;10;16.39
2023;03 - Santa Fe;Masculino;Extranjero;2;0;0.0
2023;02 - Chapinero;Masculino;Extranjero;43;2;4.65
2023;08 - Kennedy;Masculino;Extranjero;31;5;16.13
2023;10 - Engativá;Masculino;Extranjero;22;2;9.09
2023;19 - Ciudad Bolívar;Masculino;Extranjero;10;1;10.0
2023;18 - Rafael Uribe Uribe;Masculino;Extranjero;5;0;0.0
2023;07 - Bosa;Masculino;Extranjero;10;3;30.0
2023;06 - Tunjuelito;Masculino;Extranjero;3;2;66.67
2023;13 - Teusaquillo;Masculino;Extranjero;6;0;0.0
2023;15 - Antonio Nariño;Masculino;Extranjero;3;0;0.0
2023;16 - Puente Aranda;Masculino;Extranjero;10;1;10.0
2023;14 - Los Mártires;Masculino;Extranjero;4;1;25.0
2023;05 - Usme;Masculino;Extranjero;3;0;0.0
2023;12 - Barrios Unidos;Masculino;Extranjero;4;0;0.0
2023;04 - San Cristóbal;Masculino;Extranjero;1;0;0.0
2023;00 - Bogotá;Masculino;Sin Informacion;767;118;15.38
2023;06 - Tunjuelito;Masculino;Sin Informacion;23;2;8.7
2023;07 - Bosa;Masculino;Sin Informacion;97;14;14.43
2023;10 - Engativá;Masculino;Sin Informacion;94;15;15.96
2023;11 - Suba;Masculino;Sin Informacion;75;11;14.67
2023;01 - Usaquén;Masculino;Sin Informacion;65;7;10.77
2023;05 - Usme;Masculino;Sin Informacion;31;3;9.68
2023;08 - Kennedy;Masculino;Sin Informacion;147;27;18.37
2023;02 - Chapinero;Masculino;Sin Informacion;15;4;26.67
2023;18 - Rafael Uribe Uribe;Masculino;Sin Informacion;30;6;20.0
2023;19 - Ciudad Bolívar;Masculino;Sin Informacion;65;6;9.23
2023;09 - Fontibón;Masculino;Sin Informacion;44;9;20.45
2023;13 - Teusaquillo;Masculino;Sin Informacion;9;3;33.33
2023;04 - San Cristóbal;Masculino;Sin Informacion;14;1;7.14
2023;12 - Barrios Unidos;Masculino;Sin Informacion;9;1;11.11
2023;16 - Puente Aranda;Masculino;Sin Informacion;19;4;21.05
2023;15 - Antonio Nariño;Masculino;Sin Informacion;7;1;14.29
2023;14 - Los Mártires;Masculino;Sin Informacion;15;1;6.67
2023;03 - Santa Fe;Masculino;Sin Informacion;6;1;16.67
2023;17 - La Candelaria;Masculino;Sin Informacion;2;2;100.0
2024p;00 - Bogotá;Femenino;Colombiano;24385;4421;18.13
2024p;11 - Suba;Femenino;Colombiano;3635;645;17.74
2024p;05 - Usme;Femenino;Colombiano;1355;263;19.41
2024p;07 - Bosa;Femenino;Colombiano;2504;455;18.17
2024p;18 - Rafael Uribe Uribe;Femenino;Colombiano;1190;226;18.99
2024p;01 - Usaquén;Femenino;Colombiano;1667;276;16.56
2024p;08 - Kennedy;Femenino;Colombiano;3364;612;18.19
2024p;19 - Ciudad Bolívar;Femenino;Colombiano;2549;494;19.38
2024p;10 - Engativá;Femenino;Colombiano;2246;380;16.92
2024p;02 - Chapinero;Femenino;Colombiano;433;87;20.09
2024p;09 - Fontibón;Femenino;Colombiano;1124;173;15.39
2024p;03 - Santa Fe;Femenino;Colombiano;401;81;20.2
2024p;06 - Tunjuelito;Femenino;Colombiano;560;99;17.68
2024p;16 - Puente Aranda;Femenino;Colombiano;752;117;15.56
2024p;14 - Los Mártires;Femenino;Colombiano;311;68;21.86
2024p;13 - Teusaquillo;Femenino;Colombiano;360;62;17.22
2024p;04 - San Cristóbal;Femenino;Colombiano;1224;255;20.83
2024p;15 - Antonio Nariño;Femenino;Colombiano;270;49;18.15
2024p;12 - Barrios Unidos;Femenino;Colombiano;362;65;17.96
2024p;17 - La Candelaria;Femenino;Colombiano;62;9;14.52
2024p;99 - Sin Información;Femenino;Colombiano;9;2;22.22
2024p;20 - Sumapaz;Femenino;Colombiano;7;3;42.86
2024p;00 - Bogotá;Femenino;Extranjero;3024;553;18.29
2024p;07 - Bosa;Femenino;Extranjero;277;48;17.33
2024p;08 - Kennedy;Femenino;Extranjero;525;97;18.48
2024p;01 - Usaquén;Femenino;Extranjero;198;23;11.62
2024p;03 - Santa Fe;Femenino;Extranjero;79;14;17.72
2024p;09 - Fontibón;Femenino;Extranjero;99;11;11.11
2024p;14 - Los Mártires;Femenino;Extranjero;106;20;18.87
2024p;05 - Usme;Femenino;Extranjero;122;20;16.39
2024p;06 - Tunjuelito;Femenino;Extranjero;72;16;22.22
2024p;02 - Chapinero;Femenino;Extranjero;97;19;19.59
2024p;11 - Suba;Femenino;Extranjero;337;65;19.29
2024p;18 - Rafael Uribe Uribe;Femenino;Extranjero;181;41;22.65
2024p;12 - Barrios Unidos;Femenino;Extranjero;51;9;17.65
2024p;04 - San Cristóbal;Femenino;Extranjero;148;30;20.27
2024p;19 - Ciudad Bolívar;Femenino;Extranjero;348;76;21.84
2024p;10 - Engativá;Femenino;Extranjero;245;43;17.55
2024p;13 - Teusaquillo;Femenino;Extranjero;35;9;25.71
2024p;16 - Puente Aranda;Femenino;Extranjero;53;4;7.55
2024p;99 - Sin Información;Femenino;Extranjero;1;0;0.0
2024p;15 - Antonio Nariño;Femenino;Extranjero;41;6;14.63
2024p;17 - La Candelaria;Femenino;Extranjero;9;2;22.22
2024p;00 - Bogotá;Femenino;Sin Informacion;3;1;33.33
2024p;99 - Sin Información;Femenino;Sin Informacion;1;1;100.0
2024p;01 - Usaquén;Femenino;Sin Informacion;1;0;0.0
2024p;08 - Kennedy;Femenino;Sin Informacion;1;0;0.0
2024p;00 - Bogotá;Indeterminado;Colombiano;2;1;50.0
2024p;11 - Suba;Indeterminado;Colombiano;1;1;100.0
2024p;05 - Usme;Indeterminado;Colombiano;1;0;0.0
2024p;00 - Bogotá;Masculino;Colombiano;25955;3850;14.83
2024p;11 - Suba;Masculino;Colombiano;3783;581;15.36
2024p;04 - San Cristóbal;Masculino;Colombiano;1373;197;14.35
2024p;18 - Rafael Uribe Uribe;Masculino;Colombiano;1338;215;16.07
2024p;02 - Chapinero;Masculino;Colombiano;548;67;12.23
2024p;01 - Usaquén;Masculino;Colombiano;1765;265;15.01
2024p;10 - Engativá;Masculino;Colombiano;2396;332;13.86
2024p;07 - Bosa;Masculino;Colombiano;2677;406;15.17
2024p;19 - Ciudad Bolívar;Masculino;Colombiano;2755;444;16.12
2024p;16 - Puente Aranda;Masculino;Colombiano;755;106;14.04
2024p;14 - Los Mártires;Masculino;Colombiano;324;54;16.67
2024p;08 - Kennedy;Masculino;Colombiano;3487;504;14.45
2024p;06 - Tunjuelito;Masculino;Colombiano;604;78;12.91
2024p;05 - Usme;Masculino;Colombiano;1403;240;17.11
2024p;15 - Antonio Nariño;Masculino;Colombiano;275;45;16.36
2024p;12 - Barrios Unidos;Masculino;Colombiano;413;55;13.32
2024p;09 - Fontibón;Masculino;Colombiano;1208;159;13.16
2024p;03 - Santa Fe;Masculino;Colombiano;400;46;11.5
2024p;13 - Teusaquillo;Masculino;Colombiano;362;43;11.88
2024p;17 - La Candelaria;Masculino;Colombiano;68;7;10.29
2024p;99 - Sin Información;Masculino;Colombiano;10;3;30.0
2024p;20 - Sumapaz;Masculino;Colombiano;11;3;27.27
2024p;00 - Bogotá;Masculino;Extranjero;3179;513;16.14
2024p;07 - Bosa;Masculino;Extranjero;279;49;17.56
2024p;08 - Kennedy;Masculino;Extranjero;500;82;16.4
2024p;13 - Teusaquillo;Masculino;Extranjero;22;5;22.73
2024p;18 - Rafael Uribe Uribe;Masculino;Extranjero;209;37;17.7
2024p;09 - Fontibón;Masculino;Extranjero;109;6;5.5
2024p;11 - Suba;Masculino;Extranjero;412;69;16.75
2024p;03 - Santa Fe;Masculino;Extranjero;93;12;12.9
2024p;19 - Ciudad Bolívar;Masculino;Extranjero;322;57;17.7
2024p;01 - Usaquén;Masculino;Extranjero;208;36;17.31
2024p;10 - Engativá;Masculino;Extranjero;274;38;13.87
2024p;06 - Tunjuelito;Masculino;Extranjero;101;19;18.81
2024p;04 - San Cristóbal;Masculino;Extranjero;128;26;20.31
2024p;02 - Chapinero;Masculino;Extranjero;81;11;13.58
2024p;14 - Los Mártires;Masculino;Extranjero;131;18;13.74
2024p;12 - Barrios Unidos;Masculino;Extranjero;68;12;17.65
2024p;05 - Usme;Masculino;Extranjero;132;21;15.91
2024p;15 - Antonio Nariño;Masculino;Extranjero;36;3;8.33
2024p;17 - La Candelaria;Masculino;Extranjero;14;1;7.14
2024p;16 - Puente Aranda;Masculino;Extranjero;59;11;18.64
2024p;20 - Sumapaz;Masculino;Extranjero;1;0;0.0
2024p;00 - Bogotá;Masculino;Sin Informacion;4;0;0.0
2024p;18 - Rafael Uribe Uribe;Masculino;Sin Informacion;1;0;0.0
2024p;08 - Kennedy;Masculino;Sin Informacion;2;0;0.0
2024p;07 - Bosa;Masculino;Sin Informacion;1;0;0.0
